0.01,710.0,0.0
0.01,710.0,-0.0
0.01,709.9999996052678,-0.00015788250243810645
0.01,709.9999936867771,-0.0012623122691983282
0.01,709.9999680603304,-0.004256100974987059
0.01,709.9998991478045,-0.010074603857943955
0.01,709.9997540702034,-0.0196420282998409
0.01,709.999490777416,-0.033867786401775686
0.01,709.9990582141693,-0.05364290595008036
0.01,709.9983965215197,-0.07983651393672024
0.01,709.9974372730892,-0.11329240651212283
0.01,709.996103745113,-0.1548257189072662
0.01,709.9943112192332,-0.20521970846732202
0.01,709.9919673168432,-0.2652226634927497
0.01,709.9889723636643,-0.3355449500872366
0.01,709.9852197831138,-0.416856208667221
0.01,709.9805965169153,-0.5097827111970966
0.01,709.9749834712867,-0.6149048895798901
0.01,709.9682559869499,-0.7327550449577078
0.01,709.9602843311034,-0.8638152469623183
0.01,709.9509342094191,-1.0085154312065499
0.01,709.9400672960401,-1.1672317025248464
0.01,709.9275417794895,-1.3402848506593104
0.01,709.9132129223364,-1.5279390842491494
0.01,709.8969336324072,-1.7304009881198767
0.01,709.8785550432926,-1.9478187079873905
0.01,709.857927101854,-2.180281365794512
0.01,709.8348991604154,-2.427818707987391
0.01,709.8093205713008,-2.690400988119878
0.01,709.7810412813717,-2.9679390842491506
0.01,709.7499124242186,-3.26028485065931
0.01,709.7157869076681,-3.567231702524846
0.01,709.6785199942889,-3.8885154312065504
0.01,709.6379698726047,-4.223815246962318
0.01,709.5939982167582,-4.572755044957709
0.01,709.5464707324213,-4.934904889579892
0.01,709.4952576867927,-5.309782711197096
0.01,709.4402344205942,-5.696856208667221
0.01,709.3812818400438,-6.095544950087238
0.01,709.3182868868648,-6.505222663492749
0.01,709.2511429844749,-6.9252197084673215
0.01,709.1797504585951,-7.354825718907265
0.01,709.1040169306189,-7.793292406512124
0.01,709.0238576821885,-8.239836513936718
0.01,708.9391959895388,-8.693642905950078
0.01,708.8499634262921,-9.153867786401776
0.01,708.7561001335047,-9.61964202829984
0.01,708.6575550559036,-10.090074603857945
0.01,708.5542861433777,-10.564256100974989
0.01,708.4462605169309,-11.041262312269195
0.01,708.3334545984403,-11.520157882502437
0.01,708.2158542037081,-12.0
0.01,708.0934545984403,-12.479842117497562
0.01,707.9662605169309,-12.958737687730801
0.01,707.8342861433777,-13.435743899025015
0.01,707.6975550559035,-13.909925396142057
0.01,707.5561001335047,-14.380357971700162
0.01,707.409963426292,-14.846132213598228
0.01,707.2591959895389,-15.30635709404992
0.01,707.1038576821884,-15.760163486063279
0.01,706.9440169306189,-16.206707593487874
0.01,706.779750458595,-16.645174281092736
0.01,706.6111429844749,-17.07478029153268
0.01,706.4382868868648,-17.49477733650725
0.01,706.2612818400438,-17.904455049912762
0.01,706.0802344205941,-18.30314379133278
0.01,705.8952576867928,-18.690217288802902
0.01,705.7064707324214,-19.065095110420113
0.01,705.5139982167582,-19.42724495504229
0.01,705.3179698726046,-19.776184753037686
0.01,705.1185199942889,-20.11148456879345
0.01,704.915786907668,-20.432768297475153
0.01,704.7099124242186,-20.739715149340686
0.01,704.5010412813717,-21.03206091575085
0.01,704.2893205713008,-21.30959901188012
0.01,704.0748991604154,-21.572181292012612
0.01,703.857927101854,-21.819718634205486
0.01,703.6385550432926,-22.05218129201261
0.01,703.4169336324073,-22.26959901188012
0.01,703.1932129223363,-22.47206091575085
0.01,702.9675417794895,-22.65971514934069
0.01,702.74006729604,-22.832768297475152
0.01,702.5109342094191,-22.99148456879345
0.01,702.2802843311034,-23.13618475303768
0.01,702.0482559869498,-23.267244955042294
0.01,701.8149834712867,-23.385095110420107
0.01,701.5805965169153,-23.490217288802903
0.01,701.3452197831139,-23.58314379133278
0.01,701.1089723636642,-23.664455049912764
0.01,700.8719673168432,-23.73477733650725
0.01,700.6343112192332,-23.79478029153268
0.01,700.396103745113,-23.845174281092735
0.01,700.1574372730892,-23.886707593487877
0.01,699.9183965215196,-23.92016348606328
0.01,699.6790582141692,-23.94635709404992
0.01,699.4394907774159,-23.96613221359822
0.01,699.1997540702033,-23.98035797170016
0.01,698.9598991478044,-23.989925396142056
0.01,698.7199680603304,-23.995743899025012
0.01,698.4799936867771,-23.9987376877308
0.01,698.2399996052678,-23.99984211749756
0.01,698.0,-24.0
0.01,697.76,-34.0
0.01,697.52,-34.0
0.01,697.28,-34.0
0.01,697.04,-34.0
0.01,696.8,-34.0
0.01,696.56,-34.0
0.01,696.3199999999999,-34.0
0.01,696.0799999999999,-34.0
0.01,695.84,-34.0
0.01,695.6,-34.0
0.01,695.36,-34.0
0.01,695.12,-34.0
0.01,694.88,-34.0
0.01,694.64,-34.0
0.01,694.4,-34.0
0.01,694.16,-34.0
0.01,693.9200000000001,-34.0
0.01,693.6800000000001,-34.0
0.01,693.44,-34.0
0.01,693.2,-34.0
0.01,692.96,-34.0
0.01,692.72,-34.0
0.01,692.48,-34.0
0.01,692.24,-34.0
0.01,692.0,-34.0
0.01,691.76,-34.0
0.01,691.52,-34.0
0.01,691.28,-34.0
0.01,691.04,-34.0
0.01,690.8,-34.0
0.01,690.56,-34.0
0.01,690.3199999999999,-34.0
0.01,690.0799999999999,-34.0
0.01,689.84,-34.0
0.01,689.6,-34.0
0.01,689.36,-34.0
0.01,689.12,-34.0
0.01,688.88,-34.0
0.01,688.64,-34.0
0.01,688.4,-34.0
0.01,688.16,-34.0
0.01,687.9200000000001,-34.0
0.01,687.6800000000001,-34.0
0.01,687.44,-34.0
0.01,687.2,-34.0
0.01,686.96,-34.0
0.01,686.72,-34.0
0.01,686.48,-34.0
0.01,686.24,-34.0
0.01,686.0,-34.0
0.01,685.76,-34.0
0.01,685.52,-34.0
0.01,685.28,-34.0
0.01,685.04,-34.0
0.01,684.8,-34.0
0.01,684.56,-34.0
0.01,684.3199999999999,-34.0
0.01,684.0799999999999,-34.0
0.01,683.84,-34.0
0.01,683.6,-34.0
0.01,683.36,-34.0
0.01,683.12,-34.0
0.01,682.88,-34.0
0.01,682.64,-34.0
0.01,682.4,-34.0
0.01,682.16,-34.0
0.01,681.9200000000001,-34.0
0.01,681.6800000000001,-34.0
0.01,681.44,-34.0
0.01,681.2,-34.0
0.01,680.96,-34.0
0.01,680.72,-34.0
0.01,680.48,-34.0
0.01,680.24,-34.0
0.01,680.0,-34.0
0.01,679.76,-34.0
0.01,679.52,-34.0
0.01,679.28,-34.0
0.01,679.04,-34.0
0.01,678.8,-34.0
0.01,678.56,-34.0
0.01,678.3199999999999,-34.0
0.01,678.0799999999999,-34.0
0.01,677.84,-34.0
0.01,677.6,-34.0
0.01,677.36,-34.0
0.01,677.12,-34.0
0.01,676.88,-34.0
0.01,676.64,-34.0
0.01,676.4,-34.0
0.01,676.16,-34.0
0.01,675.9200000000001,-34.0
0.01,675.6800000000001,-34.0
0.01,675.44,-34.0
0.01,675.2,-34.0
0.01,674.96,-34.0
0.01,674.72,-34.0
0.01,674.48,-34.0
0.01,674.24,-34.0
0.01,674.0,-34.0
0.01,673.76,-34.0
0.01,673.52,-34.0
0.01,673.28,-34.0
0.01,673.04,-34.0
0.01,672.8,-34.0
0.01,672.56,-34.0
0.01,672.3199999999999,-34.0
0.01,672.0799999999999,-34.0
0.01,671.84,-34.0
0.01,671.6,-34.0
0.01,671.36,-34.0
0.01,671.12,-34.0
0.01,670.88,-34.0
0.01,670.64,-34.0
0.01,670.4,-34.0
0.01,670.16,-34.0
0.01,669.92,-34.0
0.01,669.6800000000001,-34.0
0.01,669.44,-34.0
0.01,669.2,-34.0
0.01,668.96,-34.0
0.01,668.72,-34.0
0.01,668.48,-34.0
0.01,668.24,-34.0
0.01,668.0,-34.0
0.01,667.76,-34.0
0.01,667.52,-34.0
0.01,667.28,-34.0
0.01,667.04,-34.0
0.01,666.8,-34.0
0.01,666.56,-34.0
0.01,666.3199999999999,-34.0
0.01,666.08,-34.0
0.01,665.84,-34.0
0.01,665.6,-34.0
0.01,665.36,-34.0
0.01,665.12,-34.0
0.01,664.88,-34.0
0.01,664.64,-34.0
0.01,664.4,-34.0
0.01,664.16,-34.0
0.01,663.92,-34.0
0.01,663.6800000000001,-34.0
0.01,663.44,-34.0
0.01,663.2,-34.0
0.01,662.96,-34.0
0.01,662.72,-34.0
0.01,662.48,-34.0
0.01,662.24,-34.0
0.01,662.0,-34.0
0.01,661.76,-34.0
0.01,661.52,-34.0
0.01,661.28,-34.0
0.01,661.04,-34.0
0.01,660.8,-34.0
0.01,660.56,-34.0
0.01,660.3199999999999,-34.0
0.01,660.08,-34.0
0.01,659.84,-34.0
0.01,659.6,-34.0
0.01,659.36,-34.0
0.01,659.12,-34.0
0.01,658.88,-34.0
0.01,658.64,-34.0
0.01,658.4,-34.0
0.01,658.16,-34.0
0.01,657.92,-34.0
0.01,657.6800000000001,-34.0
0.01,657.44,-34.0
0.01,657.2,-34.0
0.01,656.96,-34.0
0.01,656.72,-34.0
0.01,656.48,-34.0
0.01,656.24,-34.0
0.01,656.0,-34.0
0.01,655.76,-34.0
0.01,655.52,-34.0
0.01,655.28,-34.0
0.01,655.04,-34.0
0.01,654.8,-34.0
0.01,654.56,-34.0
0.01,654.3199999999999,-34.0
0.01,654.08,-34.0
0.01,653.84,-34.0
0.01,653.6,-34.0
0.01,653.36,-34.0
0.01,653.12,-34.0
0.01,652.88,-34.0
0.01,652.64,-34.0
0.01,652.4,-34.0
0.01,652.16,-34.0
0.01,651.92,-34.0
0.01,651.6800000000001,-34.0
0.01,651.44,-34.0
0.01,651.2,-34.0
0.01,650.96,-34.0
0.01,650.72,-34.0
0.01,650.48,-34.0
0.01,650.24,-34.0
0.01,650.0,-34.0
0.01,649.76,-34.0
0.01,649.52,-34.0
0.01,649.28,-34.0
0.01,649.04,-34.0
0.01,648.8,-34.0
0.01,648.56,-34.0
0.01,648.3199999999999,-34.0
0.01,648.08,-34.0
0.01,647.84,-34.0
0.01,647.6,-34.0
0.01,647.36,-34.0
0.01,647.12,-34.0
0.01,646.88,-34.0
0.01,646.64,-34.0
0.01,646.4,-34.0
0.01,646.16,-34.0
0.01,645.92,-34.0
0.01,645.6800000000001,-34.0
0.01,645.44,-34.0
0.01,645.2,-34.0
0.01,644.96,-34.0
0.01,644.72,-34.0
0.01,644.48,-34.0
0.01,644.24,-34.0
0.01,644.0,-34.0
0.01,643.76,-34.0
0.01,643.52,-34.0
0.01,643.28,-34.0
0.01,643.04,-34.0
0.01,642.8,-34.0
0.01,642.56,-34.0
0.01,642.3199999999999,-34.0
0.01,642.08,-34.0
0.01,641.84,-34.0
0.01,641.6,-34.0
0.01,641.36,-34.0
0.01,641.12,-34.0
0.01,640.88,-34.0
0.01,640.64,-34.0
0.01,640.4,-34.0
0.01,640.16,-34.0
0.01,639.92,-34.0
0.01,639.6800000000001,-34.0
0.01,639.44,-34.0
0.01,639.2,-34.0
0.01,638.96,-34.0
0.01,638.72,-34.0
0.01,638.48,-34.0
0.01,638.24,-34.0
0.01,638.0,-34.0
0.01,637.76,-34.0
0.01,637.52,-34.0
0.01,637.28,-34.0
0.01,637.04,-34.0
0.01,636.8,-34.0
0.01,636.56,-34.0
0.01,636.3199999999999,-34.0
0.01,636.08,-34.0
0.01,635.84,-34.0
0.01,635.6,-34.0
0.01,635.36,-34.0
0.01,635.12,-34.0
0.01,634.88,-34.0
0.01,634.64,-34.0
0.01,634.4,-34.0
0.01,634.16,-34.0
0.01,633.92,-34.0
0.01,633.68,-34.0
0.01,633.44,-34.0
0.01,633.2,-34.0
0.01,632.96,-34.0
0.01,632.72,-34.0
0.01,632.48,-34.0
0.01,632.24,-34.0
0.01,632.0,-34.0
0.01,631.76,-34.0
0.01,631.52,-34.0
0.01,631.28,-34.0
0.01,631.04,-34.0
0.01,630.8,-34.0
0.01,630.56,-34.0
0.01,630.3199999999999,-34.0
0.01,630.08,-34.0
0.01,629.84,-34.0
0.01,629.6,-34.0
0.01,629.36,-34.0
0.01,629.12,-34.0
0.01,628.88,-34.0
0.01,628.64,-34.0
0.01,628.4,-34.0
0.01,628.16,-34.0
0.01,627.92,-34.0
0.01,627.68,-34.0
0.01,627.44,-34.0
0.01,627.2,-34.0
0.01,626.96,-34.0
0.01,626.72,-34.0
0.01,626.48,-34.0
0.01,626.24,-34.0
0.01,626.0,-34.0
0.01,625.76,-34.0
0.01,625.52,-34.0
0.01,625.28,-34.0
0.01,625.04,-34.0
0.01,624.8,-34.0
0.01,624.56,-34.0
0.01,624.3199999999999,-34.0
0.01,624.08,-34.0
0.01,623.84,-34.0
0.01,623.6,-34.0
0.01,623.36,-34.0
0.01,623.12,-34.0
0.01,622.88,-34.0
0.01,622.64,-34.0
0.01,622.4,-34.0
0.01,622.16,-34.0
0.01,621.92,-34.0
0.01,621.6800000000001,-34.0
0.01,621.44,-34.0
0.01,621.2,-34.0
0.01,620.96,-34.0
0.01,620.72,-34.0
0.01,620.48,-34.0
0.01,620.24,-34.0
0.01,620.0,-34.0
0.01,619.76,-34.0
0.01,619.52,-34.0
0.01,619.28,-34.0
0.01,619.04,-34.0
0.01,618.8,-34.0
0.01,618.56,-34.0
0.01,618.3199999999999,-34.0
0.01,618.08,-34.0
0.01,617.84,-34.0
0.01,617.6,-34.0
0.01,617.36,-34.0
0.01,617.12,-34.0
0.01,616.88,-34.0
0.01,616.64,-34.0
0.01,616.4,-34.0
0.01,616.16,-34.0
0.01,615.92,-34.0
0.01,615.6800000000001,-34.0
0.01,615.44,-34.0
0.01,615.2,-34.0
0.01,614.96,-34.0
0.01,614.72,-34.0
0.01,614.48,-34.0
0.01,614.24,-34.0
0.01,614.0,-34.0
0.01,613.76,-34.0
0.01,613.52,-34.0
0.01,613.28,-34.0
0.01,613.04,-34.0
0.01,612.8,-34.0
0.01,612.56,-34.0
0.01,612.3199999999999,-34.0
0.01,612.08,-34.0
0.01,611.84,-34.0
0.01,611.6,-34.0
0.01,611.36,-34.0
0.01,611.12,-34.0
0.01,610.88,-34.0
0.01,610.64,-34.0
0.01,610.4,-34.0
0.01,610.16,-34.0
0.01,609.92,-34.0
0.01,609.6800000000001,-34.0
0.01,609.44,-34.0
0.01,609.2,-34.0
0.01,608.96,-34.0
0.01,608.72,-34.0
0.01,608.48,-34.0
0.01,608.24,-34.0
0.01,608.0,-34.0
0.01,607.76,-34.0
0.01,607.52,-34.0
0.01,607.28,-34.0
0.01,607.04,-34.0
0.01,606.8,-34.0
0.01,606.56,-34.0
0.01,606.3199999999999,-34.0
0.01,606.08,-34.0
0.01,605.84,-34.0
0.01,605.6,-34.0
0.01,605.36,-34.0
0.01,605.12,-34.0
0.01,604.88,-34.0
0.01,604.64,-34.0
0.01,604.4,-34.0
0.01,604.16,-34.0
0.01,603.92,-34.0
0.01,603.6800000000001,-34.0
0.01,603.44,-34.0
0.01,603.2,-34.0
0.01,602.96,-34.0
0.01,602.72,-34.0
0.01,602.48,-34.0
0.01,602.24,-34.0
0.01,602.0,-34.0
0.01,601.76,-34.0
0.01,601.52,-34.0
0.01,601.28,-34.0
0.01,601.04,-34.0
0.01,600.8,-34.0
0.01,600.56,-34.0
0.01,600.3199999999999,-34.0
0.01,600.08,-34.0
0.01,599.84,-34.0
0.01,599.6,-34.0
0.01,599.36,-34.0
0.01,599.12,-34.0
0.01,598.88,-34.0
0.01,598.64,-34.0
0.01,598.4,-34.0
0.01,598.16,-34.0
0.01,597.92,-34.0
0.01,597.6800000000001,-34.0
0.01,597.44,-34.0
0.01,597.2,-34.0
0.01,596.96,-34.0
0.01,596.72,-34.0
0.01,596.48,-34.0
0.01,596.24,-34.0
0.01,596.0,-34.0
0.01,595.76,-34.0
0.01,595.52,-34.0
0.01,595.28,-34.0
0.01,595.04,-34.0
0.01,594.8,-34.0
0.01,594.56,-34.0
0.01,594.3199999999999,-34.0
0.01,594.08,-34.0
0.01,593.84,-34.0
0.01,593.6,-34.0
0.01,593.36,-34.0
0.01,593.12,-34.0
0.01,592.88,-34.0
0.01,592.64,-34.0
0.01,592.4,-34.0
0.01,592.16,-34.0
0.01,591.92,-34.0
0.01,591.6800000000001,-34.0
0.01,591.44,-34.0
0.01,591.2,-34.0
0.01,590.96,-34.0
0.01,590.72,-34.0
0.01,590.48,-34.0
0.01,590.24,-34.0
0.01,590.0,-34.0
0.01,589.76,-34.0
0.01,589.52,-34.0
0.01,589.28,-34.0
0.01,589.04,-34.0
0.01,588.8,-34.0
0.01,588.56,-34.0
0.01,588.3199999999999,-34.0
0.01,588.08,-34.0
0.01,587.84,-34.0
0.01,587.6,-34.0
0.01,587.36,-34.0
0.01,587.12,-34.0
0.01,586.88,-34.0
0.01,586.64,-34.0
0.01,586.4,-34.0
0.01,586.16,-34.0
0.01,585.92,-34.0
0.01,585.6800000000001,-34.0
0.01,585.44,-34.0
0.01,585.2,-34.0
0.01,584.96,-34.0
0.01,584.72,-34.0
0.01,584.48,-34.0
0.01,584.24,-34.0
0.01,584.0,-34.0
0.01,583.76,-34.0
0.01,583.52,-34.0
0.01,583.28,-34.0
0.01,583.04,-34.0
0.01,582.8,-34.0
0.01,582.56,-34.0
0.01,582.3199999999999,-34.0
0.01,582.08,-34.0
0.01,581.84,-34.0
0.01,581.6,-34.0
0.01,581.36,-34.0
0.01,581.12,-34.0
0.01,580.88,-34.0
0.01,580.64,-34.0
0.01,580.4,-34.0
0.01,580.16,-34.0
0.01,579.9200000000001,-34.0
0.01,579.6800000000001,-34.0
0.01,579.44,-34.0
0.01,579.2,-34.0
0.01,578.96,-34.0
0.01,578.72,-34.0
0.01,578.48,-34.0
0.01,578.24,-34.0
0.01,578.0,-34.0
0.01,577.76,-34.0
0.01,577.52,-34.0
0.01,577.28,-34.0
0.01,577.04,-34.0
0.01,576.8,-34.0
0.01,576.56,-34.0
0.01,576.3199999999999,-34.0
0.01,576.0799999999999,-34.0
0.01,575.84,-34.0
0.01,575.6,-34.0
0.01,575.36,-34.0
0.01,575.12,-34.0
0.01,574.88,-34.0
0.01,574.64,-34.0
0.01,574.4,-34.0
0.01,574.16,-34.0
0.01,573.9200000000001,-34.0
0.01,573.6800000000001,-34.0
0.01,573.44,-34.0
0.01,573.2,-34.0
0.01,572.96,-34.0
0.01,572.72,-34.0
0.01,572.48,-34.0
0.01,572.24,-34.0
0.01,572.0,-34.0
0.01,571.76,-34.0
0.01,571.52,-34.0
0.01,571.28,-34.0
0.01,571.04,-34.0
0.01,570.8,-34.0
0.01,570.56,-34.0
0.01,570.3199999999999,-34.0
0.01,570.0799999999999,-34.0
0.01,569.84,-34.0
0.01,569.6,-34.0
0.01,569.36,-34.0
0.01,569.12,-34.0
0.01,568.88,-34.0
0.01,568.64,-34.0
0.01,568.4,-34.0
0.01,568.16,-34.0
0.01,567.9200000000001,-34.0
0.01,567.6800000000001,-34.0
0.01,567.44,-34.0
0.01,567.2,-34.0
0.01,566.96,-34.0
0.01,566.72,-34.0
0.01,566.48,-34.0
0.01,566.24,-34.0
0.01,566.0,-34.0
0.01,565.76,-34.0
0.01,565.52,-34.0
0.01,565.28,-34.0
0.01,565.04,-34.0
0.01,564.8,-34.0
0.01,564.56,-34.0
0.01,564.3199999999999,-34.0
0.01,564.0799999999999,-34.0
0.01,563.84,-34.0
0.01,563.6,-34.0
0.01,563.36,-34.0
0.01,563.12,-34.0
0.01,562.88,-34.0
0.01,562.64,-34.0
0.01,562.4,-34.0
0.01,562.16,-34.0
0.01,561.9200000000001,-34.0
0.01,561.6800000000001,-34.0
0.01,561.44,-34.0
0.01,561.2,-34.0
0.01,560.96,-34.0
0.01,560.72,-34.0
0.01,560.48,-34.0
0.01,560.24,-34.0
0.01,560.0,-34.0
0.01,559.76,-34.0
0.01,559.52,-34.0
0.01,559.28,-34.0
0.01,559.04,-34.0
0.01,558.8,-34.0
0.01,558.56,-34.0
0.01,558.3199999999999,-34.0
0.01,558.0799999999999,-34.0
0.01,557.84,-34.0
0.01,557.6,-34.0
0.01,557.36,-34.0
0.01,557.12,-34.0
0.01,556.88,-34.0
0.01,556.64,-34.0
0.01,556.4,-34.0
0.01,556.16,-34.0
0.01,555.9200000000001,-34.0
0.01,555.6800000000001,-34.0
0.01,555.44,-34.0
0.01,555.2,-34.0
0.01,554.96,-34.0
0.01,554.72,-34.0
0.01,554.48,-34.0
0.01,554.24,-34.0
0.01,554.0,-34.0
0.01,553.76,-34.0
0.01,553.52,-34.0
0.01,553.28,-34.0
0.01,553.04,-34.0
0.01,552.8,-34.0
0.01,552.56,-34.0
0.01,552.3199999999999,-34.0
0.01,552.0799999999999,-34.0
0.01,551.84,-34.0
0.01,551.6,-34.0
0.01,551.36,-34.0
0.01,551.12,-34.0
0.01,550.88,-34.0
0.01,550.64,-34.0
0.01,550.4,-34.0
0.01,550.16,-34.0
0.01,549.9200000000001,-34.0
0.01,549.6800000000001,-34.0
0.01,549.44,-34.0
0.01,549.2,-34.0
0.01,548.96,-34.0
0.01,548.72,-34.0
0.01,548.48,-34.0
0.01,548.24,-34.0
0.01,548.0,-34.0
0.01,547.76,-34.0
0.01,547.52,-34.0
0.01,547.28,-34.0
0.01,547.04,-34.0
0.01,546.8,-34.0
0.01,546.56,-34.0
0.01,546.3199999999999,-34.0
0.01,546.0799999999999,-34.0
0.01,545.84,-34.0
0.01,545.6,-34.0
0.01,545.36,-34.0
0.01,545.12,-34.0
0.01,544.88,-34.0
0.01,544.64,-34.0
0.01,544.4,-34.0
0.01,544.16,-34.0
0.01,543.9200000000001,-34.0
0.01,543.6800000000001,-34.0
0.01,543.44,-34.0
0.01,543.2,-34.0
0.01,542.96,-34.0
0.01,542.72,-34.0
0.01,542.48,-34.0
0.01,542.24,-34.0
0.01,542.0,-34.0
0.01,541.76,-34.0
0.01,541.52,-34.0
0.01,541.28,-34.0
0.01,541.04,-34.0
0.01,540.8,-34.0
0.01,540.56,-34.0
0.01,540.3199999999999,-34.0
0.01,540.0799999999999,-34.0
0.01,539.84,-34.0
0.01,539.6,-34.0
0.01,539.36,-34.0
0.01,539.12,-34.0
0.01,538.88,-34.0
0.01,538.64,-34.0
0.01,538.4,-34.0
0.01,538.16,-34.0
0.01,537.9200000000001,-34.0
0.01,537.6800000000001,-34.0
0.01,537.44,-34.0
0.01,537.2,-34.0
0.01,536.96,-34.0
0.01,536.72,-34.0
0.01,536.48,-34.0
0.01,536.24,-34.0
0.01,536.0,-34.0
0.01,535.76,-34.0
0.01,535.52,-34.0
0.01,535.28,-34.0
0.01,535.04,-34.0
0.01,534.8,-34.0
0.01,534.56,-34.0
0.01,534.3199999999999,-34.0
0.01,534.0799999999999,-34.0
0.01,533.84,-34.0
0.01,533.6,-34.0
0.01,533.36,-34.0
0.01,533.12,-34.0
0.01,532.88,-34.0
0.01,532.64,-34.0
0.01,532.4,-34.0
0.01,532.16,-34.0
0.01,531.9200000000001,-34.0
0.01,531.68,-34.0
0.01,531.44,-34.0
0.01,531.2,-34.0
0.01,530.96,-34.0
0.01,530.72,-34.0
0.01,530.48,-34.0
0.01,530.24,-34.0
0.01,530.0,-34.0
0.01,529.76,-34.0
0.01,529.52,-34.0
0.01,529.28,-34.0
0.01,529.04,-34.0
0.01,528.8,-34.0
0.01,528.56,-34.0
0.01,528.3199999999999,-34.0
0.01,528.0799999999999,-34.0
0.01,527.84,-34.0
0.01,527.6,-34.0
0.01,527.36,-34.0
0.01,527.12,-34.0
0.01,526.88,-34.0
0.01,526.64,-34.0
0.01,526.4,-34.0
0.01,526.16,-34.0
0.01,525.9200000000001,-34.0
0.01,525.6800000000001,-34.0
0.01,525.44,-34.0
0.01,525.2,-34.0
0.01,524.96,-34.0
0.01,524.72,-34.0
0.01,524.48,-34.0
0.01,524.24,-34.0
0.01,524.0,-34.0
0.01,523.76,-34.0
0.01,523.52,-34.0
0.01,523.28,-34.0
0.01,523.04,-34.0
0.01,522.8,-34.0
0.01,522.56,-34.0
0.01,522.3199999999999,-34.0
0.01,522.0799999999999,-34.0
0.01,521.84,-34.0
0.01,521.6,-34.0
0.01,521.36,-34.0
0.01,521.12,-34.0
0.01,520.88,-34.0
0.01,520.64,-34.0
0.01,520.4,-34.0
0.01,520.16,-34.0
0.01,519.9200000000001,-34.0
0.01,519.6800000000001,-34.0
0.01,519.44,-34.0
0.01,519.2,-34.0
0.01,518.96,-34.0
0.01,518.72,-34.0
0.01,518.48,-34.0
0.01,518.24,-34.0
0.01,518.0,-34.0
0.01,517.76,-34.0
0.01,517.52,-34.0
0.01,517.28,-34.0
0.01,517.04,-34.0
0.01,516.8,-34.0
0.01,516.56,-34.0
0.01,516.3199999999999,-34.0
0.01,516.0799999999999,-34.0
0.01,515.84,-34.0
0.01,515.6,-34.0
0.01,515.36,-34.0
0.01,515.12,-34.0
0.01,514.88,-34.0
0.01,514.64,-34.0
0.01,514.4,-34.0
0.01,514.16,-34.0
0.01,513.9200000000001,-34.0
0.01,513.6800000000001,-34.0
0.01,513.44,-34.0
0.01,513.2,-34.0
0.01,512.96,-34.0
0.01,512.72,-34.0
0.01,512.48,-34.0
0.01,512.24,-34.0
0.01,512.0,-34.0
0.01,511.76,-34.0
0.01,511.52,-34.0
0.01,511.28000000000003,-34.0
0.01,511.03999999999996,-34.0
0.01,510.79999999999995,-34.0
0.01,510.56,-34.0
0.01,510.32,-34.0
0.01,510.08,-34.0
0.01,509.84000000000003,-34.0
0.01,509.6,-34.0
0.01,509.36,-34.0
0.01,509.12,-34.0
0.01,508.88,-34.0
0.01,508.64,-34.0
0.01,508.4,-34.0
0.01,508.15999999999997,-34.0
0.01,507.92,-34.0
0.01,507.68,-34.0
0.01,507.44,-34.0
0.01,507.2,-34.0
0.01,506.96,-34.0
0.01,506.71999999999997,-34.0
0.01,506.48,-34.0
0.01,506.24,-34.0
0.01,506.0,-34.0
0.01,505.76,-34.0
0.01,505.52,-34.0
0.01,505.28000000000003,-34.0
0.01,505.03999999999996,-34.0
0.01,504.79999999999995,-34.0
0.01,504.56,-34.0
0.01,504.32,-34.0
0.01,504.08,-34.0
0.01,503.84000000000003,-34.0
0.01,503.6,-34.0
0.01,503.36,-34.0
0.01,503.12,-34.0
0.01,502.88,-34.0
0.01,502.64,-34.0
0.01,502.4,-34.0
0.01,502.15999999999997,-34.0
0.01,501.92,-34.0
0.01,501.68,-34.0
0.01,501.44,-34.0
0.01,501.2,-34.0
0.01,500.96,-34.0
0.01,500.71999999999997,-34.0
0.01,500.48,-34.0
0.01,500.24,-34.0
0.01,500.0,-34.0
0.01,499.76,-34.0
0.01,499.52,-34.0
0.01,499.28000000000003,-34.0
0.01,499.03999999999996,-34.0
0.01,498.79999999999995,-34.0
0.01,498.56,-34.0
0.01,498.32,-34.0
0.01,498.08,-34.0
0.01,497.84000000000003,-34.0
0.01,497.6,-34.0
0.01,497.36,-34.0
0.01,497.12,-34.0
0.01,496.88,-34.0
0.01,496.64,-34.0
0.01,496.4,-34.0
0.01,496.15999999999997,-34.0
0.01,495.92,-34.0
0.01,495.68,-34.0
0.01,495.44,-34.0
0.01,495.2,-34.0
0.01,494.96,-34.0
0.01,494.71999999999997,-34.0
0.01,494.48,-34.0
0.01,494.24,-34.0
0.01,494.0,-34.0
0.01,493.76,-34.0
0.01,493.52,-34.0
0.01,493.28000000000003,-34.0
0.01,493.03999999999996,-34.0
0.01,492.79999999999995,-34.0
0.01,492.56,-34.0
0.01,492.32,-34.0
0.01,492.08,-34.0
0.01,491.84000000000003,-34.0
0.01,491.6,-34.0
0.01,491.36,-34.0
0.01,491.12,-34.0
0.01,490.88,-34.0
0.01,490.64,-34.0
0.01,490.4,-34.0
0.01,490.15999999999997,-34.0
0.01,489.92,-34.0
0.01,489.68,-34.0
0.01,489.44,-34.0
0.01,489.2,-34.0
0.01,488.96,-34.0
0.01,488.71999999999997,-34.0
0.01,488.48,-34.0
0.01,488.24,-34.0
0.01,488.0,-34.0
0.01,487.76,-34.0
0.01,487.52,-34.0
0.01,487.28000000000003,-34.0
0.01,487.03999999999996,-34.0
0.01,486.79999999999995,-34.0
0.01,486.56,-34.0
0.01,486.32,-34.0
0.01,486.08,-34.0
0.01,485.84000000000003,-34.0
0.01,485.6,-34.0
0.01,485.36,-34.0
0.01,485.12,-34.0
0.01,484.88,-34.0
0.01,484.64,-34.0
0.01,484.4,-34.0
0.01,484.15999999999997,-34.0
0.01,483.92,-34.0
0.01,483.68,-34.0
0.01,483.44,-34.0
0.01,483.2,-34.0
0.01,482.96,-34.0
0.01,482.71999999999997,-34.0
0.01,482.48,-34.0
0.01,482.24,-34.0
0.01,482.0,-34.0
0.01,481.76,-34.0
0.01,481.52,-34.0
0.01,481.28000000000003,-34.0
0.01,481.03999999999996,-34.0
0.01,480.79999999999995,-34.0
0.01,480.56,-34.0
0.01,480.32,-34.0
0.01,480.08,-34.0
0.01,479.84000000000003,-34.0
0.01,479.6,-34.0
0.01,479.36,-34.0
0.01,479.12,-34.0
0.01,478.88,-34.0
0.01,478.64,-34.0
0.01,478.4,-34.0
0.01,478.15999999999997,-34.0
0.01,477.92,-34.0
0.01,477.68,-34.0
0.01,477.44,-34.0
0.01,477.2,-34.0
0.01,476.96,-34.0
0.01,476.71999999999997,-34.0
0.01,476.48,-34.0
0.01,476.24,-34.0
0.01,476.0,-34.0
0.01,475.76,-34.0
0.01,475.52,-34.0
0.01,475.28000000000003,-34.0
0.01,475.03999999999996,-34.0
0.01,474.79999999999995,-34.0
0.01,474.56,-34.0
0.01,474.32,-34.0
0.01,474.08,-34.0
0.01,473.84000000000003,-34.0
0.01,473.6,-34.0
0.01,473.36,-34.0
0.01,473.12,-34.0
0.01,472.88,-34.0
0.01,472.64,-34.0
0.01,472.4,-34.0
0.01,472.15999999999997,-34.0
0.01,471.92,-34.0
0.01,471.68,-34.0
0.01,471.44,-34.0
0.01,471.2,-34.0
0.01,470.96,-34.0
0.01,470.71999999999997,-34.0
0.01,470.48,-34.0
0.01,470.24,-34.0
0.01,470.0,-34.0
0.01,469.76,-34.0
0.01,469.52,-34.0
0.01,469.28000000000003,-34.0
0.01,469.03999999999996,-34.0
0.01,468.79999999999995,-34.0
0.01,468.56,-34.0
0.01,468.32,-34.0
0.01,468.08,-34.0
0.01,467.84000000000003,-34.0
0.01,467.6,-34.0
0.01,467.36,-34.0
0.01,467.12,-34.0
0.01,466.88,-34.0
0.01,466.64,-34.0
0.01,466.4,-34.0
0.01,466.15999999999997,-34.0
0.01,465.92,-34.0
0.01,465.68,-34.0
0.01,465.44,-34.0
0.01,465.2,-34.0
0.01,464.96,-34.0
0.01,464.71999999999997,-34.0
0.01,464.48,-34.0
0.01,464.24,-34.0
0.01,464.0,-34.0
0.01,463.76,-34.0
0.01,463.52,-34.0
0.01,463.28000000000003,-34.0
0.01,463.03999999999996,-34.0
0.01,462.79999999999995,-34.0
0.01,462.56,-34.0
0.01,462.32,-34.0
0.01,462.08,-34.0
0.01,461.84000000000003,-34.0
0.01,461.6,-34.0
0.01,461.36,-34.0
0.01,461.12,-34.0
0.01,460.88,-34.0
0.01,460.64,-34.0
0.01,460.4,-34.0
0.01,460.15999999999997,-34.0
0.01,459.92,-34.0
0.01,459.68,-34.0
0.01,459.44,-34.0
0.01,459.2,-34.0
0.01,458.96,-34.0
0.01,458.71999999999997,-34.0
0.01,458.48,-34.0
0.01,458.24,-34.0
0.01,458.0,-34.0
0.01,457.76,-34.0
0.01,457.52,-34.0
0.01,457.28000000000003,-34.0
0.01,457.03999999999996,-34.0
0.01,456.79999999999995,-34.0
0.01,456.56,-34.0
0.01,456.32,-34.0
0.01,456.08,-34.0
0.01,455.84000000000003,-34.0
0.01,455.6,-34.0
0.01,455.36,-34.0
0.01,455.12,-34.0
0.01,454.88,-34.0
0.01,454.64,-34.0
0.01,454.4,-34.0
0.01,454.15999999999997,-34.0
0.01,453.92,-34.0
0.01,453.68,-34.0
0.01,453.44,-34.0
0.01,453.2,-34.0
0.01,452.96,-34.0
0.01,452.71999999999997,-34.0
0.01,452.48,-34.0
0.01,452.24,-34.0
0.01,452.0,-34.0
0.01,451.76,-34.0
0.01,451.52,-34.0
0.01,451.28000000000003,-34.0
0.01,451.03999999999996,-34.0
0.01,450.79999999999995,-34.0
0.01,450.56,-34.0
0.01,450.32,-34.0
0.01,450.08,-34.0
0.01,449.84000000000003,-34.0
0.01,449.6,-34.0
0.01,449.36,-34.0
0.01,449.12,-34.0
0.01,448.88,-34.0
0.01,448.64,-34.0
0.01,448.4,-34.0
0.01,448.15999999999997,-34.0
0.01,447.92,-34.0
0.01,447.68,-34.0
0.01,447.44,-34.0
0.01,447.2,-34.0
0.01,446.96,-34.0
0.01,446.71999999999997,-34.0
0.01,446.48,-34.0
0.01,446.24,-34.0
0.01,446.0,-34.0
0.01,445.76,-34.0
0.01,445.52,-34.0
0.01,445.28000000000003,-34.0
0.01,445.03999999999996,-34.0
0.01,444.79999999999995,-34.0
0.01,444.56,-34.0
0.01,444.32,-34.0
0.01,444.08,-34.0
0.01,443.84000000000003,-34.0
0.01,443.6,-34.0
0.01,443.36,-34.0
0.01,443.12,-34.0
0.01,442.88,-34.0
0.01,442.64,-34.0
0.01,442.4,-34.0
0.01,442.15999999999997,-34.0
0.01,441.92,-34.0
0.01,441.68,-34.0
0.01,441.44,-34.0
0.01,441.2,-34.0
0.01,440.96,-34.0
0.01,440.71999999999997,-34.0
0.01,440.48,-34.0
0.01,440.24,-34.0
0.01,440.0,-34.0
0.01,439.76,-34.0
0.01,439.52,-34.0
0.01,439.28000000000003,-34.0
0.01,439.03999999999996,-34.0
0.01,438.79999999999995,-34.0
0.01,438.56,-34.0
0.01,438.32,-34.0
0.01,438.08,-34.0
0.01,437.84000000000003,-34.0
0.01,437.6,-34.0
0.01,437.36,-34.0
0.01,437.12,-34.0
0.01,436.88,-34.0
0.01,436.64,-34.0
0.01,436.4,-34.0
0.01,436.15999999999997,-34.0
0.01,435.92,-34.0
0.01,435.68,-34.0
0.01,435.44,-34.0
0.01,435.2,-34.0
0.01,434.96,-34.0
0.01,434.71999999999997,-34.0
0.01,434.48,-34.0
0.01,434.24,-34.0
0.01,434.0,-34.0
0.01,433.76,-34.0
0.01,433.52,-34.0
0.01,433.28,-34.0
0.01,433.03999999999996,-34.0
0.01,432.79999999999995,-34.0
0.01,432.56,-34.0
0.01,432.32,-34.0
0.01,432.08,-34.0
0.01,431.84000000000003,-34.0
0.01,431.6,-34.0
0.01,431.36,-34.0
0.01,431.12,-34.0
0.01,430.88,-34.0
0.01,430.64,-34.0
0.01,430.4,-34.0
0.01,430.15999999999997,-34.0
0.01,429.92,-34.0
0.01,429.68,-34.0
0.01,429.44,-34.0
0.01,429.2,-34.0
0.01,428.96,-34.0
0.01,428.71999999999997,-34.0
0.01,428.48,-34.0
0.01,428.24,-34.0
0.01,428.0,-34.0
0.01,427.76,-34.0
0.01,427.52,-34.0
0.01,427.28,-34.0
0.01,427.03999999999996,-34.0
0.01,426.79999999999995,-34.0
0.01,426.56,-34.0
0.01,426.32,-34.0
0.01,426.08,-34.0
0.01,425.84000000000003,-34.0
0.01,425.6,-34.0
0.01,425.36,-34.0
0.01,425.12,-34.0
0.01,424.88,-34.0
0.01,424.64,-34.0
0.01,424.4,-34.0
0.01,424.15999999999997,-34.0
0.01,423.92,-34.0
0.01,423.68,-34.0
0.01,423.44,-34.0
0.01,423.2,-34.0
0.01,422.96,-34.0
0.01,422.71999999999997,-34.0
0.01,422.48,-34.0
0.01,422.24,-34.0
0.01,422.0,-34.0
0.01,421.76,-34.0
0.01,421.52,-34.0
0.01,421.28,-34.0
0.01,421.03999999999996,-34.0
0.01,420.79999999999995,-34.0
0.01,420.56,-34.0
0.01,420.32,-34.0
0.01,420.08,-34.0
0.01,419.84000000000003,-34.0
0.01,419.6,-34.0
0.01,419.36,-34.0
0.01,419.12,-34.0
0.01,418.88,-34.0
0.01,418.64,-34.0
0.01,418.4,-34.0
0.01,418.15999999999997,-34.0
0.01,417.92,-34.0
0.01,417.68,-34.0
0.01,417.44,-34.0
0.01,417.2,-34.0
0.01,416.96,-34.0
0.01,416.71999999999997,-34.0
0.01,416.48,-34.0
0.01,416.24,-34.0
0.01,416.0,-34.0
0.01,415.76,-34.0
0.01,415.52,-34.0
0.01,415.28,-34.0
0.01,415.03999999999996,-34.0
0.01,414.79999999999995,-34.0
0.01,414.56,-34.0
0.01,414.32,-34.0
0.01,414.08,-34.0
0.01,413.84000000000003,-34.0
0.01,413.6,-34.0
0.01,413.36,-34.0
0.01,413.12,-34.0
0.01,412.88,-34.0
0.01,412.64,-34.0
0.01,412.4,-34.0
0.01,412.15999999999997,-34.0
0.01,411.92,-34.0
0.01,411.68,-34.0
0.01,411.44,-34.0
0.01,411.2,-34.0
0.01,410.96,-34.0
0.01,410.71999999999997,-34.0
0.01,410.48,-34.0
0.01,410.24,-34.0
0.01,410.0,-34.0
0.01,409.76,-34.0
0.01,409.52,-34.0
0.01,409.28,-34.0
0.01,409.03999999999996,-34.0
0.01,408.79999999999995,-34.0
0.01,408.56,-34.0
0.01,408.32,-34.0
0.01,408.08,-34.0
0.01,407.84000000000003,-34.0
0.01,407.6,-34.0
0.01,407.36,-34.0
0.01,407.12,-34.0
0.01,406.88,-34.0
0.01,406.64,-34.0
0.01,406.4,-34.0
0.01,406.15999999999997,-34.0
0.01,405.92,-34.0
0.01,405.68,-34.0
0.01,405.44,-34.0
0.01,405.2,-34.0
0.01,404.96,-34.0
0.01,404.71999999999997,-34.0
0.01,404.48,-34.0
0.01,404.24,-34.0
0.01,404.0,-34.0
0.01,403.76,-34.0
0.01,403.52,-34.0
0.01,403.28,-34.0
0.01,403.03999999999996,-34.0
0.01,402.79999999999995,-34.0
0.01,402.56,-34.0
0.01,402.32,-34.0
0.01,402.08,-34.0
0.01,401.84000000000003,-34.0
0.01,401.6,-34.0
0.01,401.36,-34.0
0.01,401.12,-34.0
0.01,400.88,-34.0
0.01,400.64,-34.0
0.01,400.4,-34.0
0.01,400.15999999999997,-34.0
0.01,399.92,-34.0
0.01,399.68,-34.0
0.01,399.44,-34.0
0.01,399.2,-34.0
0.01,398.96,-34.0
0.01,398.71999999999997,-34.0
0.01,398.48,-34.0
0.01,398.24,-34.0
0.01,398.0,-34.0
0.01,397.76,-34.0
0.01,397.52,-34.0
0.01,397.28,-34.0
0.01,397.03999999999996,-34.0
0.01,396.79999999999995,-34.0
0.01,396.56,-34.0
0.01,396.32,-34.0
0.01,396.08,-34.0
0.01,395.84000000000003,-34.0
0.01,395.6,-34.0
0.01,395.36,-34.0
0.01,395.12,-34.0
0.01,394.88,-34.0
0.01,394.64,-34.0
0.01,394.4,-34.0
0.01,394.15999999999997,-34.0
0.01,393.92,-34.0
0.01,393.68,-34.0
0.01,393.44,-34.0
0.01,393.2,-34.0
0.01,392.96,-34.0
0.01,392.71999999999997,-34.0
0.01,392.48,-34.0
0.01,392.24,-34.0
0.01,392.0,-34.0
0.01,391.76,-34.0
0.01,391.52,-34.0
0.01,391.28,-34.0
0.01,391.03999999999996,-34.0
0.01,390.79999999999995,-34.0
0.01,390.56,-34.0
0.01,390.32,-34.0
0.01,390.08,-34.0
0.01,389.84000000000003,-34.0
0.01,389.6,-34.0
0.01,389.36,-34.0
0.01,389.12,-34.0
0.01,388.88,-34.0
0.01,388.64,-34.0
0.01,388.4,-34.0
0.01,388.15999999999997,-34.0
0.01,387.92,-34.0
0.01,387.68,-34.0
0.01,387.44,-34.0
0.01,387.2,-34.0
0.01,386.96,-34.0
0.01,386.71999999999997,-34.0
0.01,386.48,-34.0
0.01,386.24,-34.0
0.01,386.0,-24.0
0.01,385.76000039473223,-23.99984211749756
0.01,385.5200063132229,-23.9987376877308
0.01,385.2800319396696,-23.995743899025012
0.01,385.0401008521955,-23.989925396142056
0.01,384.80024592979663,-23.98035797170016
0.01,384.560509222584,-23.96613221359822
0.01,384.32094178583077,-23.94635709404992
0.01,384.08160347848036,-23.92016348606328
0.01,383.84256272691084,-23.886707593487877
0.01,383.603896254887,-23.845174281092735
0.01,383.36568878076685,-23.794780291532682
0.01,383.12803268315673,-23.734777336507243
0.01,382.89102763633576,-23.664455049912757
0.01,382.65478021688614,-23.583143791332773
0.01,382.4194034830847,-23.4902172888029
0.01,382.1850165287133,-23.385095110420107
0.01,381.95174401305013,-23.267244955042294
0.01,381.7197156688966,-23.136184753037686
0.01,381.48906579058087,-22.991484568793457
0.01,381.25993270396,-22.832768297475134
0.01,381.0324582205105,-22.659715149340677
0.01,380.80678707766367,-22.47206091575084
0.01,380.5830663675927,-22.269599011880114
0.01,380.3614449567073,-22.052181292012605
0.01,380.14207289814595,-21.819718634205486
0.01,379.9251008395846,-21.572181292012615
0.01,379.7106794286992,-21.309599011880135
0.01,379.4989587186283,-21.03206091575082
0.01,379.2900875757814,-20.73971514934066
0.01,379.08421309233194,-20.43276829747513
0.01,378.88148000571107,-20.111484568793433
0.01,378.68203012739536,-19.77618475303767
0.01,378.48600178324176,-19.427244955042287
0.01,378.29352926757866,-19.065095110420113
0.01,378.1047423132073,-18.69021728880292
0.01,377.9197655794058,-18.303143791332804
0.01,377.7387181599562,-17.904455049912723
0.01,377.56171311313517,-17.49477733650722
0.01,377.3888570155251,-17.074780291532655
0.01,377.22024954140494,-16.645174281092718
0.01,377.0559830693811,-16.20670759348787
0.01,376.8961423178116,-15.760163486063282
0.01,376.7408040104612,-15.306357094049934
0.01,376.5900365737079,-14.846132213598247
0.01,376.44389986649526,-14.380357971700107
0.01,376.3024449440964,-13.909925396142015
0.01,376.1657138566223,-13.435743899024981
0.01,376.0337394830691,-12.958737687730782
0.01,375.9065454015597,-12.479842117497553
0.01,375.78414579629197,-12.0
0.01,375.66654540155974,-11.520157882502447
0.01,375.5537394830691,-11.041262312269216
0.01,375.4457138566223,-10.564256100974934
0.01,375.3424449440964,-10.0900746038579
0.01,375.24389986649527,-9.619642028299806
0.01,375.1500365737079,-9.15386778640175
0.01,375.0608040104612,-8.693642905950066
0.01,374.9761423178116,-8.239836513936718
0.01,374.8959830693811,-7.793292406512128
0.01,374.82024954140496,-7.354825718907281
0.01,374.7488570155251,-6.925219708467345
0.01,374.6817131131352,-6.505222663492707
0.01,374.6187181599562,-6.095544950087206
0.01,374.5597655794058,-5.6968562086671986
0.01,374.50474231320726,-5.309782711197083
0.01,374.4535292675787,-4.934904889579883
0.01,374.4060017832418,-4.572755044957709
0.01,374.36203012739537,-4.223815246962329
0.01,374.32148000571107,-3.8885154312065664
0.01,374.284213092332,-3.567231702524813
0.01,374.25008757578144,-3.2602848506592847
0.01,374.2189587186283,-2.9679390842491316
0.01,374.19067942869924,-2.690400988119865
0.01,374.1651008395846,-2.4278187079873854
0.01,374.14207289814595,-2.180281365794512
0.01,374.12144495670736,-1.9478187079873952
0.01,374.1030663675927,-1.7304009881198856
0.01,374.08678707766364,-1.5279390842491274
0.01,374.0724582205105,-1.340284850659294
0.01,374.05993270396,-1.1672317025248347
0.01,374.04906579058087,-1.008515431206542
0.01,374.0397156688966,-0.8638152469623144
0.01,374.0317440130502,-0.7327550449577066
0.01,374.0250165287133,-0.6149048895798914
0.01,374.01940348308466,-0.5097827111971004
0.01,374.01478021688615,-0.41685620866722567
0.01,374.01102763633577,-0.335544950087229
0.01,374.0080326831568,-0.2652226634927446
0.01,374.00568878076683,-0.20521970846731863
0.01,374.00389625488697,-0.1548257189072645
0.01,374.0025627269108,-0.1132924065121224
0.01,374.0016034784804,-0.07983651393672045
0.01,374.0009417858308,-0.05364290595008099
0.01,374.000509222584,-0.03386778640177653
0.01,374.0002459297967,-0.019642028299839628
0.01,374.0001008521955,-0.01007460385794332
0.01,374.0000319396696,-0.00425610097498674
0.01,374.00000631322285,-0.0012623122691982221
0.01,374.00000039473224,-0.00015788250243805346
0.01,374.0,-0.0
0.01,374.0,-0.0
0.01,374.0,-0.0
0.01,374.0,-0.0
0.01,374.0,-0.0
0.01,374.0,-0.0
0.01,374.0,-0.0
0.01,374.0,-0.0
0.01,374.0,-0.0
0.01,374.0,-0.0
0.01,374.0,-0.0
0.01,374.0,-0.0
0.01,374.0,-0.0
0.01,374.0,-0.0
0.01,374.0,-0.0
0.01,374.0,-0.0
0.01,374.0,-0.0
0.01,374.0,-0.0
0.01,374.0,-0.0
0.01,374.0,-0.0
0.01,374.0,-0.0
0.01,374.0,-0.0
0.01,374.0,-0.0
0.01,374.0,-0.0
0.01,374.0,-0.0
0.01,374.0,-0.0
0.01,374.0,-0.0
0.01,374.0,-0.0
0.01,374.0,-0.0
0.01,374.0,-0.0
0.01,374.0,-0.0
0.01,374.0,-0.0
0.01,374.0,-0.0
0.01,374.0,-0.0
0.01,374.0,-0.0
0.01,374.0,-0.0
0.01,374.0,-0.0
0.01,374.0,-0.0
0.01,374.0,-0.0
0.01,374.0,-0.0
0.01,374.0,-0.0
0.01,374.0,-0.0
0.01,374.0,-0.0
0.01,374.0,-0.0
0.01,374.0,-0.0
0.01,374.0,-0.0
0.01,374.0,-0.0
0.01,374.0,-0.0
0.01,374.0,-0.0
0.01,374.0,-0.0
0.01,374.0,-0.0
0.01,374.0,-0.0
0.01,374.0,-0.0
0.01,374.0,-0.0
0.01,374.0,-0.0
0.01,374.0,-0.0
0.01,374.0,-0.0
0.01,374.0,-0.0
0.01,374.0,-0.0
0.01,374.0,-0.0
0.01,374.0,-0.0
0.01,374.0,-0.0
0.01,374.0,-0.0
0.01,374.0,-0.0
0.01,374.0,-0.0
0.01,374.0,-0.0
0.01,374.0,-0.0
0.01,374.0,-0.0
0.01,374.0,-0.0
0.01,374.0,-0.0
0.01,374.0,-0.0
0.01,374.0,-0.0
0.01,374.0,-0.0
0.01,374.0,-0.0
0.01,374.0,-0.0
0.01,374.0,-0.0
0.01,374.0,-0.0
0.01,374.0,-0.0
0.01,374.0,-0.0
0.01,374.0,-0.0
0.01,374.0,-0.0
0.01,374.0,-0.0
0.01,374.0,-0.0
0.01,374.0,-0.0
0.01,374.0,-0.0
0.01,374.0,-0.0
0.01,374.0,-0.0
0.01,374.0,-0.0
0.01,374.0,-0.0
0.01,374.0,-0.0
0.01,374.0,-0.0
0.01,374.0,-0.0
0.01,374.0,-0.0
0.01,374.0,-0.0
0.01,374.0,-0.0
0.01,374.0,-0.0
0.01,374.0,-0.0
0.01,374.0,-0.0
0.01,374.0,-0.0
0.01,374.0,-0.0
0.01,374.0,-0.0
0.01,374.0,-0.0
0.01,374.0,-0.0
0.01,374.0,-0.0
0.01,374.0,-0.0
0.01,374.0,-0.0
0.01,374.0,-0.0
0.01,374.0,-0.0
0.01,374.0,-0.0
0.01,374.0,-0.0
0.01,374.0,-0.0
0.01,374.0,-0.0
0.01,374.0,-0.0
0.01,374.0,-0.0
0.01,374.0,-0.0
0.01,374.0,-0.0
0.01,374.0,-0.0
0.01,374.0,-0.0
0.01,374.0,-0.0
0.01,374.0,-0.0
0.01,374.0,-0.0
0.01,374.0,-0.0
0.01,374.0,-0.0
0.01,374.0,-0.0
0.01,374.0,-0.0
0.01,374.0,-0.0
0.01,374.0,-0.0
0.01,374.0,-0.0
0.01,374.0,-0.0
0.01,374.0,-0.0
0.01,374.0,-0.0
0.01,374.0,-0.0
0.01,374.0,-0.0
0.01,374.0,-0.0
0.01,374.0,-0.0
0.01,374.0,-0.0
0.01,374.0,-0.0
0.01,374.0,-0.0
0.01,374.0,-0.0
0.01,374.0,-0.0
0.01,374.0,-0.0
0.01,374.0,-0.0
0.01,374.0,-0.0
0.01,374.0,-0.0
0.01,374.0,-0.0
0.01,374.0,-0.0
0.01,374.0,-0.0
0.01,374.0,-0.0
0.01,374.0,-0.0
0.01,374.0,-0.0
0.01,374.0,0.0
