0.01,-202.66375545851503,0.0
0.01,-202.66375545851503,-0.0
0.01,-202.66375572166984,-0.00010525500162540431
0.01,-202.66375966733025,-0.0008415415127988855
0.01,-202.66377675162812,-0.0028374006499913723
0.01,-202.66382269331203,-0.006716402571962638
0.01,-202.6639194117128,-0.013094685533227268
0.01,-202.66409494023773,-0.02257852426785046
0.01,-202.66438331573553,-0.03576193730005357
0.01,-202.6648244441686,-0.05322434262448016
0.01,-202.66546394312226,-0.07552827100808189
0.01,-202.66635296177301,-0.10321714593817748
0.01,-202.66754797902624,-0.13681313897821468
0.01,-202.66911058061956,-0.17681510899516648
0.01,-202.67110721607222,-0.2236966333914911
0.01,-202.6736089364391,-0.2779041391114807
0.01,-202.6766911139048,-0.3398551407980644
0.01,-202.68043314432387,-0.4099365930532601
0.01,-202.6849181338818,-0.4885033633051386
0.01,-202.69023257111274,-0.5758768313082122
0.01,-202.69646598556895,-0.6723436208043666
0.01,-202.70371059448834,-0.7781544683498977
0.01,-202.71206093885536,-0.8935232337728737
0.01,-202.7216135102908,-1.0186260561660996
0.01,-202.73246637024351,-1.1536006587465846
0.01,-202.7447187629866,-1.298545805324927
0.01,-202.75847072394566,-1.4535209105296745
0.01,-202.77382268490476,-1.6185458053249275
0.01,-202.79087507764785,-1.7936006587465851
0.01,-202.80972793760054,-1.9786260561661004
0.01,-202.830480509036,-2.1735232337728734
0.01,-202.853230853403,-2.3781544683498974
0.01,-202.8780754623224,-2.592343620804367
0.01,-202.9051088767786,-2.8158768313082128
0.01,-202.93442331400956,-3.0485033633051395
0.01,-202.96610830356747,-3.2899365930532616
0.01,-203.00025033398654,-3.5398551407980645
0.01,-203.03693251145225,-3.7979041391114805
0.01,-203.07623423181914,-4.063696633391492
0.01,-203.1182308672718,-4.336815108995166
0.01,-203.16299346886512,-4.616813138978214
0.01,-203.21058848611833,-4.903217145938177
0.01,-203.2610775047691,-5.195528271008082
0.01,-203.31451700372276,-5.493224342624479
0.01,-203.3709581321558,-5.795761937300052
0.01,-203.43044650765364,-6.102578524267851
0.01,-203.49302203617853,-6.413094685533228
0.01,-203.5587187545793,-6.726716402571963
0.01,-203.62756469626325,-7.042837400649993
0.01,-203.6995817805611,-7.360841541512797
0.01,-203.7747857262215,-7.680105255001625
0.01,-203.85318598937633,-8.0
0.01,-203.9347857262215,-8.319894744998376
0.01,-204.01958178056108,-8.639158458487202
0.01,-204.10756469626324,-8.95716259935001
0.01,-204.19871875457932,-9.273283597428039
0.01,-204.29302203617854,-9.586905314466776
0.01,-204.39044650765362,-9.897421475732152
0.01,-204.4909581321558,-10.204238062699948
0.01,-204.59451700372276,-10.506775657375519
0.01,-204.7010775047691,-10.804471728991917
0.01,-204.81058848611832,-11.096782854061823
0.01,-204.92299346886512,-11.383186861021786
0.01,-205.0382308672718,-11.663184891004835
0.01,-205.15623423181916,-11.93630336660851
0.01,-205.27693251145223,-12.20209586088852
0.01,-205.40025033398655,-12.460144859201936
0.01,-205.52610830356747,-12.710063406946743
0.01,-205.65442331400956,-12.951496636694863
0.01,-205.7851088767786,-13.18412316869179
0.01,-205.9180754623224,-13.407656379195636
0.01,-206.053230853403,-13.621845531650102
0.01,-206.19048050903598,-13.826476766227126
0.01,-206.32972793760055,-14.021373943833902
0.01,-206.47087507764786,-14.206399341253414
0.01,-206.61382268490476,-14.381454194675074
0.01,-206.75847072394566,-14.546479089470326
0.01,-206.9047187629866,-14.701454194675073
0.01,-207.0524663702435,-14.846399341253415
0.01,-207.2016135102908,-14.981373943833901
0.01,-207.35206093885537,-15.106476766227127
0.01,-207.50371059448835,-15.221845531650104
0.01,-207.65646598556896,-15.327656379195634
0.01,-207.81023257111275,-15.424123168691787
0.01,-207.9649181338818,-15.511496636694863
0.01,-208.1204331443239,-15.59006340694674
0.01,-208.2766911139048,-15.660144859201935
0.01,-208.4336089364391,-15.72209586088852
0.01,-208.5911072160722,-15.776303366608511
0.01,-208.74911058061954,-15.823184891004836
0.01,-208.90754797902622,-15.863186861021786
0.01,-209.06635296177302,-15.896782854061824
0.01,-209.22546394312226,-15.92447172899192
0.01,-209.3848244441686,-15.94677565737552
0.01,-209.54438331573553,-15.964238062699946
0.01,-209.70409494023772,-15.97742147573215
0.01,-209.8639194117128,-15.986905314466773
0.01,-210.02382269331204,-15.993283597428038
0.01,-210.1837767516281,-15.99716259935001
0.01,-210.34375966733026,-15.999158458487202
0.01,-210.50375572166985,-15.999894744998375
0.01,-210.66375545851503,-16.0
0.01,-210.82375545851505,-26.0
0.01,-210.98375545851502,-26.0
0.01,-211.14375545851505,-26.0
0.01,-211.303755458515,-26.0
0.01,-211.46375545851504,-26.0
0.01,-211.623755458515,-26.0
0.01,-211.78375545851503,-26.0
0.01,-211.943755458515,-26.0
0.01,-212.10375545851502,-26.0
0.01,-212.26375545851505,-26.0
0.01,-212.42375545851502,-26.0
0.01,-212.58375545851504,-26.0
0.01,-212.743755458515,-26.0
0.01,-212.90375545851504,-26.0
0.01,-213.063755458515,-26.0
0.01,-213.22375545851503,-26.0
0.01,-213.38375545851505,-26.0
0.01,-213.54375545851502,-26.0
0.01,-213.70375545851505,-26.0
0.01,-213.86375545851502,-26.0
0.01,-214.02375545851504,-26.0
0.01,-214.183755458515,-26.0
0.01,-214.34375545851503,-26.0
0.01,-214.503755458515,-26.0
0.01,-214.66375545851503,-26.0
0.01,-214.82375545851505,-26.0
0.01,-214.98375545851502,-26.0
0.01,-215.14375545851505,-26.0
0.01,-215.303755458515,-26.0
0.01,-215.46375545851504,-26.0
0.01,-215.623755458515,-26.0
0.01,-215.78375545851503,-26.0
0.01,-215.943755458515,-26.0
0.01,-216.10375545851502,-26.0
0.01,-216.26375545851505,-26.0
0.01,-216.42375545851502,-26.0
0.01,-216.58375545851504,-26.0
0.01,-216.743755458515,-26.0
0.01,-216.90375545851504,-26.0
0.01,-217.063755458515,-26.0
0.01,-217.22375545851503,-26.0
0.01,-217.38375545851505,-26.0
0.01,-217.54375545851502,-26.0
0.01,-217.70375545851505,-26.0
0.01,-217.86375545851502,-26.0
0.01,-218.02375545851504,-26.0
0.01,-218.183755458515,-26.0
0.01,-218.34375545851503,-26.0
0.01,-218.503755458515,-26.0
0.01,-218.66375545851503,-26.0
0.01,-218.82375545851505,-26.0
0.01,-218.98375545851502,-26.0
0.01,-219.14375545851505,-26.0
0.01,-219.303755458515,-26.0
0.01,-219.46375545851504,-26.0
0.01,-219.623755458515,-26.0
0.01,-219.78375545851503,-26.0
0.01,-219.943755458515,-26.0
0.01,-220.10375545851502,-26.0
0.01,-220.26375545851505,-26.0
0.01,-220.42375545851502,-26.0
0.01,-220.58375545851504,-26.0
0.01,-220.743755458515,-26.0
0.01,-220.90375545851504,-26.0
0.01,-221.063755458515,-26.0
0.01,-221.22375545851503,-26.0
0.01,-221.38375545851505,-26.0
0.01,-221.54375545851502,-26.0
0.01,-221.70375545851505,-26.0
0.01,-221.86375545851502,-26.0
0.01,-222.02375545851504,-26.0
0.01,-222.183755458515,-26.0
0.01,-222.34375545851503,-26.0
0.01,-222.503755458515,-26.0
0.01,-222.66375545851503,-26.0
0.01,-222.82375545851505,-26.0
0.01,-222.98375545851502,-26.0
0.01,-223.14375545851505,-26.0
0.01,-223.303755458515,-26.0
0.01,-223.46375545851504,-26.0
0.01,-223.623755458515,-26.0
0.01,-223.78375545851503,-26.0
0.01,-223.943755458515,-26.0
0.01,-224.10375545851502,-26.0
0.01,-224.26375545851505,-26.0
0.01,-224.42375545851502,-26.0
0.01,-224.58375545851504,-26.0
0.01,-224.743755458515,-26.0
0.01,-224.90375545851504,-26.0
0.01,-225.063755458515,-26.0
0.01,-225.22375545851503,-26.0
0.01,-225.38375545851505,-26.0
0.01,-225.54375545851502,-26.0
0.01,-225.70375545851505,-26.0
0.01,-225.86375545851502,-26.0
0.01,-226.02375545851504,-26.0
0.01,-226.183755458515,-26.0
0.01,-226.34375545851503,-26.0
0.01,-226.503755458515,-26.0
0.01,-226.66375545851503,-26.0
0.01,-226.82375545851505,-26.0
0.01,-226.98375545851502,-26.0
0.01,-227.14375545851505,-26.0
0.01,-227.303755458515,-26.0
0.01,-227.46375545851504,-26.0
0.01,-227.623755458515,-26.0
0.01,-227.78375545851503,-26.0
0.01,-227.943755458515,-26.0
0.01,-228.10375545851502,-26.0
0.01,-228.26375545851505,-26.0
0.01,-228.42375545851502,-26.0
0.01,-228.58375545851504,-26.0
0.01,-228.743755458515,-26.0
0.01,-228.90375545851504,-26.0
0.01,-229.063755458515,-26.0
0.01,-229.22375545851503,-26.0
0.01,-229.38375545851505,-26.0
0.01,-229.54375545851502,-26.0
0.01,-229.70375545851505,-26.0
0.01,-229.86375545851502,-26.0
0.01,-230.02375545851504,-26.0
0.01,-230.183755458515,-26.0
0.01,-230.34375545851503,-26.0
0.01,-230.50375545851506,-26.0
0.01,-230.66375545851503,-26.0
0.01,-230.82375545851505,-26.0
0.01,-230.98375545851502,-26.0
0.01,-231.14375545851505,-26.0
0.01,-231.303755458515,-26.0
0.01,-231.46375545851504,-26.0
0.01,-231.623755458515,-26.0
0.01,-231.78375545851503,-26.0
0.01,-231.943755458515,-26.0
0.01,-232.10375545851502,-26.0
0.01,-232.26375545851505,-26.0
0.01,-232.42375545851502,-26.0
0.01,-232.58375545851504,-26.0
0.01,-232.743755458515,-26.0
0.01,-232.90375545851504,-26.0
0.01,-233.063755458515,-26.0
0.01,-233.22375545851503,-26.0
0.01,-233.38375545851505,-26.0
0.01,-233.54375545851502,-26.0
0.01,-233.70375545851505,-26.0
0.01,-233.86375545851502,-26.0
0.01,-234.02375545851504,-26.0
0.01,-234.183755458515,-26.0
0.01,-234.34375545851503,-26.0
0.01,-234.50375545851506,-26.0
0.01,-234.66375545851503,-26.0
0.01,-234.82375545851505,-26.0
0.01,-234.98375545851502,-26.0
0.01,-235.14375545851505,-26.0
0.01,-235.303755458515,-26.0
0.01,-235.46375545851504,-26.0
0.01,-235.623755458515,-26.0
0.01,-235.78375545851503,-26.0
0.01,-235.943755458515,-26.0
0.01,-236.10375545851502,-26.0
0.01,-236.26375545851505,-26.0
0.01,-236.42375545851502,-26.0
0.01,-236.58375545851504,-26.0
0.01,-236.743755458515,-26.0
0.01,-236.90375545851504,-26.0
0.01,-237.063755458515,-26.0
0.01,-237.22375545851503,-26.0
0.01,-237.38375545851505,-26.0
0.01,-237.54375545851502,-26.0
0.01,-237.70375545851505,-26.0
0.01,-237.86375545851502,-26.0
0.01,-238.02375545851504,-26.0
0.01,-238.183755458515,-26.0
0.01,-238.34375545851503,-26.0
0.01,-238.50375545851506,-26.0
0.01,-238.66375545851503,-26.0
0.01,-238.82375545851505,-26.0
0.01,-238.98375545851502,-26.0
0.01,-239.14375545851505,-26.0
0.01,-239.303755458515,-26.0
0.01,-239.46375545851504,-26.0
0.01,-239.623755458515,-26.0
0.01,-239.78375545851503,-26.0
0.01,-239.943755458515,-26.0
0.01,-240.10375545851502,-26.0
0.01,-240.26375545851505,-26.0
0.01,-240.42375545851502,-26.0
0.01,-240.58375545851504,-26.0
0.01,-240.743755458515,-26.0
0.01,-240.90375545851504,-26.0
0.01,-241.063755458515,-26.0
0.01,-241.22375545851503,-26.0
0.01,-241.38375545851505,-26.0
0.01,-241.54375545851502,-26.0
0.01,-241.70375545851505,-26.0
0.01,-241.86375545851502,-26.0
0.01,-242.02375545851504,-26.0
0.01,-242.183755458515,-26.0
0.01,-242.34375545851503,-26.0
0.01,-242.50375545851506,-26.0
0.01,-242.66375545851503,-26.0
0.01,-242.82375545851505,-26.0
0.01,-242.98375545851502,-26.0
0.01,-243.14375545851505,-26.0
0.01,-243.303755458515,-26.0
0.01,-243.46375545851504,-26.0
0.01,-243.623755458515,-26.0
0.01,-243.78375545851503,-26.0
0.01,-243.943755458515,-26.0
0.01,-244.10375545851502,-26.0
0.01,-244.26375545851505,-26.0
0.01,-244.42375545851502,-26.0
0.01,-244.58375545851504,-26.0
0.01,-244.743755458515,-26.0
0.01,-244.90375545851504,-26.0
0.01,-245.063755458515,-26.0
0.01,-245.22375545851503,-26.0
0.01,-245.38375545851505,-26.0
0.01,-245.54375545851502,-26.0
0.01,-245.70375545851505,-26.0
0.01,-245.86375545851502,-26.0
0.01,-246.02375545851504,-26.0
0.01,-246.183755458515,-26.0
0.01,-246.34375545851503,-26.0
0.01,-246.50375545851506,-26.0
0.01,-246.66375545851503,-26.0
0.01,-246.82375545851505,-26.0
0.01,-246.98375545851502,-26.0
0.01,-247.14375545851505,-26.0
0.01,-247.303755458515,-26.0
0.01,-247.46375545851504,-26.0
0.01,-247.623755458515,-26.0
0.01,-247.78375545851503,-26.0
0.01,-247.943755458515,-26.0
0.01,-248.10375545851502,-26.0
0.01,-248.26375545851505,-26.0
0.01,-248.42375545851502,-26.0
0.01,-248.58375545851504,-26.0
0.01,-248.743755458515,-26.0
0.01,-248.90375545851504,-26.0
0.01,-249.063755458515,-26.0
0.01,-249.22375545851503,-26.0
0.01,-249.38375545851505,-26.0
0.01,-249.54375545851502,-26.0
0.01,-249.70375545851505,-26.0
0.01,-249.86375545851502,-26.0
0.01,-250.02375545851504,-26.0
0.01,-250.183755458515,-26.0
0.01,-250.34375545851503,-26.0
0.01,-250.50375545851506,-26.0
0.01,-250.66375545851503,-26.0
0.01,-250.82375545851505,-26.0
0.01,-250.98375545851502,-26.0
0.01,-251.14375545851505,-26.0
0.01,-251.303755458515,-26.0
0.01,-251.46375545851504,-26.0
0.01,-251.623755458515,-26.0
0.01,-251.78375545851503,-26.0
0.01,-251.943755458515,-26.0
0.01,-252.10375545851502,-26.0
0.01,-252.26375545851505,-26.0
0.01,-252.42375545851502,-26.0
0.01,-252.58375545851504,-26.0
0.01,-252.743755458515,-26.0
0.01,-252.90375545851504,-26.0
0.01,-253.063755458515,-26.0
0.01,-253.22375545851503,-26.0
0.01,-253.38375545851505,-26.0
0.01,-253.54375545851502,-26.0
0.01,-253.70375545851505,-26.0
0.01,-253.86375545851502,-26.0
0.01,-254.02375545851504,-26.0
0.01,-254.183755458515,-26.0
0.01,-254.34375545851503,-26.0
0.01,-254.50375545851506,-26.0
0.01,-254.66375545851503,-26.0
0.01,-254.82375545851505,-26.0
0.01,-254.98375545851502,-26.0
0.01,-255.14375545851505,-26.0
0.01,-255.303755458515,-26.0
0.01,-255.46375545851504,-26.0
0.01,-255.623755458515,-26.0
0.01,-255.78375545851503,-26.0
0.01,-255.943755458515,-26.0
0.01,-256.103755458515,-26.0
0.01,-256.26375545851505,-26.0
0.01,-256.423755458515,-26.0
0.01,-256.58375545851504,-26.0
0.01,-256.743755458515,-26.0
0.01,-256.90375545851504,-26.0
0.01,-257.063755458515,-26.0
0.01,-257.22375545851503,-26.0
0.01,-257.38375545851505,-26.0
0.01,-257.543755458515,-26.0
0.01,-257.70375545851505,-26.0
0.01,-257.863755458515,-26.0
0.01,-258.02375545851504,-26.0
0.01,-258.183755458515,-26.0
0.01,-258.34375545851503,-26.0
0.01,-258.50375545851506,-26.0
0.01,-258.663755458515,-26.0
0.01,-258.823755458515,-26.0
0.01,-258.983755458515,-26.0
0.01,-259.14375545851505,-26.0
0.01,-259.303755458515,-26.0
0.01,-259.46375545851504,-26.0
0.01,-259.62375545851506,-26.0
0.01,-259.78375545851503,-26.0
0.01,-259.943755458515,-26.0
0.01,-260.103755458515,-26.0
0.01,-260.26375545851505,-26.0
0.01,-260.423755458515,-26.0
0.01,-260.58375545851504,-26.0
0.01,-260.743755458515,-26.0
0.01,-260.90375545851504,-26.0
0.01,-261.063755458515,-26.0
0.01,-261.22375545851503,-26.0
0.01,-261.38375545851505,-26.0
0.01,-261.543755458515,-26.0
0.01,-261.70375545851505,-26.0
0.01,-261.863755458515,-26.0
0.01,-262.02375545851504,-26.0
0.01,-262.183755458515,-26.0
0.01,-262.34375545851503,-26.0
0.01,-262.50375545851506,-26.0
0.01,-262.663755458515,-26.0
0.01,-262.823755458515,-26.0
0.01,-262.983755458515,-26.0
0.01,-263.14375545851505,-26.0
0.01,-263.303755458515,-26.0
0.01,-263.46375545851504,-26.0
0.01,-263.62375545851506,-26.0
0.01,-263.78375545851503,-26.0
0.01,-263.943755458515,-26.0
0.01,-264.103755458515,-26.0
0.01,-264.26375545851505,-26.0
0.01,-264.423755458515,-26.0
0.01,-264.58375545851504,-26.0
0.01,-264.743755458515,-26.0
0.01,-264.90375545851504,-26.0
0.01,-265.063755458515,-26.0
0.01,-265.22375545851503,-26.0
0.01,-265.38375545851505,-26.0
0.01,-265.543755458515,-26.0
0.01,-265.70375545851505,-26.0
0.01,-265.863755458515,-26.0
0.01,-266.02375545851504,-26.0
0.01,-266.183755458515,-26.0
0.01,-266.34375545851503,-26.0
0.01,-266.50375545851506,-26.0
0.01,-266.663755458515,-26.0
0.01,-266.823755458515,-26.0
0.01,-266.983755458515,-26.0
0.01,-267.14375545851505,-26.0
0.01,-267.303755458515,-26.0
0.01,-267.46375545851504,-26.0
0.01,-267.62375545851506,-26.0
0.01,-267.78375545851503,-26.0
0.01,-267.943755458515,-26.0
0.01,-268.103755458515,-26.0
0.01,-268.26375545851505,-26.0
0.01,-268.423755458515,-26.0
0.01,-268.58375545851504,-26.0
0.01,-268.743755458515,-26.0
0.01,-268.90375545851504,-26.0
0.01,-269.063755458515,-26.0
0.01,-269.22375545851503,-26.0
0.01,-269.38375545851505,-26.0
0.01,-269.543755458515,-26.0
0.01,-269.70375545851505,-26.0
0.01,-269.863755458515,-26.0
0.01,-270.02375545851504,-26.0
0.01,-270.183755458515,-26.0
0.01,-270.34375545851503,-26.0
0.01,-270.50375545851506,-26.0
0.01,-270.663755458515,-26.0
0.01,-270.823755458515,-26.0
0.01,-270.983755458515,-26.0
0.01,-271.14375545851505,-26.0
0.01,-271.303755458515,-26.0
0.01,-271.46375545851504,-26.0
0.01,-271.62375545851506,-26.0
0.01,-271.78375545851503,-26.0
0.01,-271.943755458515,-26.0
0.01,-272.103755458515,-26.0
0.01,-272.26375545851505,-26.0
0.01,-272.423755458515,-26.0
0.01,-272.58375545851504,-26.0
0.01,-272.743755458515,-26.0
0.01,-272.90375545851504,-26.0
0.01,-273.063755458515,-26.0
0.01,-273.22375545851503,-26.0
0.01,-273.38375545851505,-26.0
0.01,-273.543755458515,-26.0
0.01,-273.70375545851505,-26.0
0.01,-273.863755458515,-26.0
0.01,-274.02375545851504,-26.0
0.01,-274.183755458515,-26.0
0.01,-274.34375545851503,-26.0
0.01,-274.50375545851506,-26.0
0.01,-274.663755458515,-26.0
0.01,-274.823755458515,-26.0
0.01,-274.983755458515,-26.0
0.01,-275.14375545851505,-26.0
0.01,-275.303755458515,-26.0
0.01,-275.46375545851504,-26.0
0.01,-275.62375545851506,-26.0
0.01,-275.78375545851503,-26.0
0.01,-275.943755458515,-26.0
0.01,-276.103755458515,-26.0
0.01,-276.26375545851505,-26.0
0.01,-276.423755458515,-26.0
0.01,-276.58375545851504,-26.0
0.01,-276.743755458515,-26.0
0.01,-276.90375545851504,-26.0
0.01,-277.063755458515,-26.0
0.01,-277.22375545851503,-26.0
0.01,-277.38375545851505,-26.0
0.01,-277.543755458515,-26.0
0.01,-277.70375545851505,-26.0
0.01,-277.863755458515,-26.0
0.01,-278.02375545851504,-26.0
0.01,-278.183755458515,-26.0
0.01,-278.34375545851503,-26.0
0.01,-278.50375545851506,-26.0
0.01,-278.663755458515,-26.0
0.01,-278.823755458515,-26.0
0.01,-278.983755458515,-26.0
0.01,-279.14375545851505,-26.0
0.01,-279.303755458515,-26.0
0.01,-279.46375545851504,-26.0
0.01,-279.62375545851506,-26.0
0.01,-279.78375545851503,-26.0
0.01,-279.943755458515,-26.0
0.01,-280.103755458515,-26.0
0.01,-280.26375545851505,-26.0
0.01,-280.423755458515,-26.0
0.01,-280.58375545851504,-26.0
0.01,-280.743755458515,-26.0
0.01,-280.90375545851504,-26.0
0.01,-281.063755458515,-26.0
0.01,-281.22375545851503,-26.0
0.01,-281.38375545851505,-26.0
0.01,-281.543755458515,-26.0
0.01,-281.70375545851505,-26.0
0.01,-281.863755458515,-26.0
0.01,-282.02375545851504,-26.0
0.01,-282.183755458515,-26.0
0.01,-282.34375545851503,-26.0
0.01,-282.50375545851506,-26.0
0.01,-282.663755458515,-26.0
0.01,-282.823755458515,-26.0
0.01,-282.983755458515,-26.0
0.01,-283.14375545851505,-26.0
0.01,-283.303755458515,-26.0
0.01,-283.46375545851504,-26.0
0.01,-283.62375545851506,-26.0
0.01,-283.78375545851503,-26.0
0.01,-283.943755458515,-26.0
0.01,-284.103755458515,-26.0
0.01,-284.26375545851505,-26.0
0.01,-284.423755458515,-26.0
0.01,-284.58375545851504,-26.0
0.01,-284.743755458515,-26.0
0.01,-284.90375545851504,-26.0
0.01,-285.063755458515,-26.0
0.01,-285.22375545851503,-26.0
0.01,-285.38375545851505,-26.0
0.01,-285.543755458515,-26.0
0.01,-285.70375545851505,-26.0
0.01,-285.863755458515,-26.0
0.01,-286.02375545851504,-26.0
0.01,-286.183755458515,-26.0
0.01,-286.34375545851503,-26.0
0.01,-286.50375545851506,-26.0
0.01,-286.663755458515,-26.0
0.01,-286.823755458515,-26.0
0.01,-286.983755458515,-26.0
0.01,-287.14375545851505,-26.0
0.01,-287.303755458515,-26.0
0.01,-287.46375545851504,-26.0
0.01,-287.62375545851506,-26.0
0.01,-287.78375545851503,-26.0
0.01,-287.943755458515,-26.0
0.01,-288.103755458515,-26.0
0.01,-288.26375545851505,-26.0
0.01,-288.423755458515,-26.0
0.01,-288.58375545851504,-26.0
0.01,-288.743755458515,-26.0
0.01,-288.90375545851504,-26.0
0.01,-289.063755458515,-26.0
0.01,-289.22375545851503,-26.0
0.01,-289.38375545851505,-26.0
0.01,-289.543755458515,-26.0
0.01,-289.70375545851505,-26.0
0.01,-289.863755458515,-26.0
0.01,-290.02375545851504,-26.0
0.01,-290.183755458515,-26.0
0.01,-290.34375545851503,-26.0
0.01,-290.50375545851506,-26.0
0.01,-290.663755458515,-26.0
0.01,-290.823755458515,-26.0
0.01,-290.983755458515,-26.0
0.01,-291.14375545851505,-26.0
0.01,-291.303755458515,-26.0
0.01,-291.46375545851504,-26.0
0.01,-291.62375545851506,-26.0
0.01,-291.78375545851503,-26.0
0.01,-291.943755458515,-26.0
0.01,-292.103755458515,-26.0
0.01,-292.26375545851505,-26.0
0.01,-292.423755458515,-26.0
0.01,-292.58375545851504,-26.0
0.01,-292.743755458515,-26.0
0.01,-292.90375545851504,-26.0
0.01,-293.063755458515,-26.0
0.01,-293.22375545851503,-26.0
0.01,-293.38375545851505,-26.0
0.01,-293.543755458515,-26.0
0.01,-293.70375545851505,-26.0
0.01,-293.863755458515,-26.0
0.01,-294.02375545851504,-26.0
0.01,-294.183755458515,-26.0
0.01,-294.34375545851503,-26.0
0.01,-294.50375545851506,-26.0
0.01,-294.663755458515,-26.0
0.01,-294.823755458515,-26.0
0.01,-294.983755458515,-26.0
0.01,-295.14375545851505,-26.0
0.01,-295.303755458515,-26.0
0.01,-295.46375545851504,-26.0
0.01,-295.62375545851506,-26.0
0.01,-295.78375545851503,-26.0
0.01,-295.943755458515,-26.0
0.01,-296.103755458515,-26.0
0.01,-296.26375545851505,-26.0
0.01,-296.423755458515,-26.0
0.01,-296.58375545851504,-26.0
0.01,-296.743755458515,-26.0
0.01,-296.90375545851504,-26.0
0.01,-297.063755458515,-26.0
0.01,-297.22375545851503,-26.0
0.01,-297.38375545851505,-26.0
0.01,-297.543755458515,-26.0
0.01,-297.70375545851505,-26.0
0.01,-297.863755458515,-26.0
0.01,-298.02375545851504,-26.0
0.01,-298.183755458515,-26.0
0.01,-298.34375545851503,-26.0
0.01,-298.50375545851506,-26.0
0.01,-298.663755458515,-26.0
0.01,-298.823755458515,-26.0
0.01,-298.983755458515,-26.0
0.01,-299.14375545851505,-26.0
0.01,-299.303755458515,-26.0
0.01,-299.46375545851504,-26.0
0.01,-299.62375545851506,-26.0
0.01,-299.78375545851503,-26.0
0.01,-299.943755458515,-26.0
0.01,-300.103755458515,-26.0
0.01,-300.26375545851505,-26.0
0.01,-300.423755458515,-26.0
0.01,-300.58375545851504,-26.0
0.01,-300.743755458515,-26.0
0.01,-300.90375545851504,-26.0
0.01,-301.063755458515,-26.0
0.01,-301.22375545851503,-26.0
0.01,-301.38375545851505,-26.0
0.01,-301.543755458515,-26.0
0.01,-301.70375545851505,-26.0
0.01,-301.863755458515,-26.0
0.01,-302.02375545851504,-26.0
0.01,-302.183755458515,-26.0
0.01,-302.34375545851503,-26.0
0.01,-302.503755458515,-26.0
0.01,-302.663755458515,-26.0
0.01,-302.82375545851505,-26.0
0.01,-302.983755458515,-26.0
0.01,-303.14375545851505,-26.0
0.01,-303.303755458515,-26.0
0.01,-303.46375545851504,-26.0
0.01,-303.623755458515,-26.0
0.01,-303.78375545851503,-26.0
0.01,-303.94375545851506,-26.0
0.01,-304.103755458515,-26.0
0.01,-304.26375545851505,-26.0
0.01,-304.423755458515,-26.0
0.01,-304.58375545851504,-26.0
0.01,-304.743755458515,-26.0
0.01,-304.90375545851504,-26.0
0.01,-305.06375545851506,-26.0
0.01,-305.22375545851503,-26.0
0.01,-305.383755458515,-26.0
0.01,-305.543755458515,-26.0
0.01,-305.70375545851505,-26.0
0.01,-305.863755458515,-26.0
0.01,-306.02375545851504,-26.0
0.01,-306.183755458515,-26.0
0.01,-306.34375545851503,-26.0
0.01,-306.503755458515,-26.0
0.01,-306.663755458515,-26.0
0.01,-306.82375545851505,-26.0
0.01,-306.983755458515,-26.0
0.01,-307.14375545851505,-26.0
0.01,-307.303755458515,-26.0
0.01,-307.46375545851504,-26.0
0.01,-307.623755458515,-26.0
0.01,-307.78375545851503,-26.0
0.01,-307.94375545851506,-26.0
0.01,-308.103755458515,-26.0
0.01,-308.26375545851505,-26.0
0.01,-308.423755458515,-26.0
0.01,-308.58375545851504,-26.0
0.01,-308.743755458515,-26.0
0.01,-308.90375545851504,-26.0
0.01,-309.06375545851506,-26.0
0.01,-309.22375545851503,-26.0
0.01,-309.383755458515,-26.0
0.01,-309.543755458515,-26.0
0.01,-309.70375545851505,-26.0
0.01,-309.863755458515,-26.0
0.01,-310.02375545851504,-26.0
0.01,-310.183755458515,-26.0
0.01,-310.34375545851503,-26.0
0.01,-310.503755458515,-26.0
0.01,-310.663755458515,-26.0
0.01,-310.82375545851505,-26.0
0.01,-310.983755458515,-26.0
0.01,-311.14375545851505,-26.0
0.01,-311.303755458515,-26.0
0.01,-311.46375545851504,-26.0
0.01,-311.623755458515,-26.0
0.01,-311.78375545851503,-26.0
0.01,-311.94375545851506,-26.0
0.01,-312.103755458515,-26.0
0.01,-312.26375545851505,-26.0
0.01,-312.423755458515,-26.0
0.01,-312.58375545851504,-26.0
0.01,-312.743755458515,-26.0
0.01,-312.90375545851504,-26.0
0.01,-313.06375545851506,-26.0
0.01,-313.22375545851503,-26.0
0.01,-313.383755458515,-26.0
0.01,-313.543755458515,-26.0
0.01,-313.70375545851505,-26.0
0.01,-313.863755458515,-26.0
0.01,-314.02375545851504,-26.0
0.01,-314.183755458515,-26.0
0.01,-314.34375545851503,-26.0
0.01,-314.503755458515,-26.0
0.01,-314.663755458515,-26.0
0.01,-314.82375545851505,-26.0
0.01,-314.983755458515,-26.0
0.01,-315.14375545851505,-26.0
0.01,-315.303755458515,-26.0
0.01,-315.46375545851504,-26.0
0.01,-315.623755458515,-26.0
0.01,-315.78375545851503,-26.0
0.01,-315.94375545851506,-26.0
0.01,-316.103755458515,-26.0
0.01,-316.26375545851505,-26.0
0.01,-316.423755458515,-26.0
0.01,-316.58375545851504,-26.0
0.01,-316.743755458515,-26.0
0.01,-316.90375545851504,-26.0
0.01,-317.06375545851506,-26.0
0.01,-317.22375545851503,-26.0
0.01,-317.383755458515,-26.0
0.01,-317.543755458515,-26.0
0.01,-317.70375545851505,-26.0
0.01,-317.863755458515,-26.0
0.01,-318.02375545851504,-26.0
0.01,-318.183755458515,-26.0
0.01,-318.34375545851503,-26.0
0.01,-318.503755458515,-26.0
0.01,-318.663755458515,-26.0
0.01,-318.82375545851505,-26.0
0.01,-318.983755458515,-26.0
0.01,-319.14375545851505,-26.0
0.01,-319.303755458515,-26.0
0.01,-319.46375545851504,-26.0
0.01,-319.623755458515,-26.0
0.01,-319.78375545851503,-26.0
0.01,-319.94375545851506,-26.0
0.01,-320.103755458515,-26.0
0.01,-320.26375545851505,-26.0
0.01,-320.423755458515,-26.0
0.01,-320.58375545851504,-26.0
0.01,-320.743755458515,-26.0
0.01,-320.90375545851504,-26.0
0.01,-321.06375545851506,-26.0
0.01,-321.22375545851503,-26.0
0.01,-321.383755458515,-26.0
0.01,-321.543755458515,-26.0
0.01,-321.70375545851505,-26.0
0.01,-321.863755458515,-26.0
0.01,-322.02375545851504,-26.0
0.01,-322.183755458515,-26.0
0.01,-322.34375545851503,-26.0
0.01,-322.503755458515,-26.0
0.01,-322.663755458515,-26.0
0.01,-322.82375545851505,-26.0
0.01,-322.983755458515,-26.0
0.01,-323.143755458515,-26.0
0.01,-323.30375545851507,-26.0
0.01,-323.46375545851504,-26.0
0.01,-323.623755458515,-26.0
0.01,-323.78375545851503,-26.0
0.01,-323.94375545851506,-26.0
0.01,-324.103755458515,-26.0
0.01,-324.263755458515,-26.0
0.01,-324.423755458515,-26.0
0.01,-324.58375545851504,-26.0
0.01,-324.743755458515,-26.0
0.01,-324.90375545851504,-26.0
0.01,-325.06375545851506,-26.0
0.01,-325.22375545851503,-26.0
0.01,-325.383755458515,-26.0
0.01,-325.543755458515,-26.0
0.01,-325.70375545851505,-26.0
0.01,-325.863755458515,-26.0
0.01,-326.02375545851504,-26.0
0.01,-326.18375545851507,-26.0
0.01,-326.34375545851503,-26.0
0.01,-326.503755458515,-26.0
0.01,-326.663755458515,-26.0
0.01,-326.82375545851505,-26.0
0.01,-326.983755458515,-26.0
0.01,-327.143755458515,-26.0
0.01,-327.30375545851507,-26.0
0.01,-327.46375545851504,-26.0
0.01,-327.623755458515,-26.0
0.01,-327.78375545851503,-26.0
0.01,-327.94375545851506,-26.0
0.01,-328.103755458515,-26.0
0.01,-328.263755458515,-26.0
0.01,-328.423755458515,-26.0
0.01,-328.58375545851504,-26.0
0.01,-328.743755458515,-26.0
0.01,-328.90375545851504,-26.0
0.01,-329.06375545851506,-26.0
0.01,-329.22375545851503,-26.0
0.01,-329.383755458515,-26.0
0.01,-329.543755458515,-26.0
0.01,-329.70375545851505,-26.0
0.01,-329.863755458515,-26.0
0.01,-330.02375545851504,-26.0
0.01,-330.18375545851507,-26.0
0.01,-330.34375545851503,-26.0
0.01,-330.503755458515,-26.0
0.01,-330.663755458515,-26.0
0.01,-330.82375545851505,-26.0
0.01,-330.983755458515,-26.0
0.01,-331.143755458515,-26.0
0.01,-331.30375545851507,-26.0
0.01,-331.46375545851504,-26.0
0.01,-331.623755458515,-26.0
0.01,-331.78375545851503,-26.0
0.01,-331.94375545851506,-26.0
0.01,-332.103755458515,-26.0
0.01,-332.263755458515,-26.0
0.01,-332.423755458515,-26.0
0.01,-332.58375545851504,-26.0
0.01,-332.743755458515,-26.0
0.01,-332.90375545851504,-26.0
0.01,-333.06375545851506,-26.0
0.01,-333.22375545851503,-26.0
0.01,-333.383755458515,-26.0
0.01,-333.543755458515,-26.0
0.01,-333.70375545851505,-26.0
0.01,-333.863755458515,-26.0
0.01,-334.02375545851504,-26.0
0.01,-334.18375545851507,-26.0
0.01,-334.34375545851503,-26.0
0.01,-334.503755458515,-26.0
0.01,-334.663755458515,-26.0
0.01,-334.82375545851505,-26.0
0.01,-334.983755458515,-26.0
0.01,-335.143755458515,-26.0
0.01,-335.30375545851507,-26.0
0.01,-335.46375545851504,-26.0
0.01,-335.623755458515,-26.0
0.01,-335.78375545851503,-26.0
0.01,-335.94375545851506,-26.0
0.01,-336.103755458515,-26.0
0.01,-336.263755458515,-26.0
0.01,-336.423755458515,-26.0
0.01,-336.58375545851504,-26.0
0.01,-336.743755458515,-26.0
0.01,-336.90375545851504,-26.0
0.01,-337.06375545851506,-26.0
0.01,-337.22375545851503,-26.0
0.01,-337.383755458515,-26.0
0.01,-337.543755458515,-26.0
0.01,-337.70375545851505,-26.0
0.01,-337.863755458515,-26.0
0.01,-338.02375545851504,-26.0
0.01,-338.18375545851507,-26.0
0.01,-338.34375545851503,-26.0
0.01,-338.503755458515,-26.0
0.01,-338.663755458515,-26.0
0.01,-338.82375545851505,-26.0
0.01,-338.983755458515,-26.0
0.01,-339.143755458515,-26.0
0.01,-339.30375545851507,-26.0
0.01,-339.46375545851504,-26.0
0.01,-339.623755458515,-26.0
0.01,-339.78375545851503,-26.0
0.01,-339.94375545851506,-26.0
0.01,-340.103755458515,-26.0
0.01,-340.263755458515,-26.0
0.01,-340.423755458515,-26.0
0.01,-340.58375545851504,-26.0
0.01,-340.743755458515,-26.0
0.01,-340.90375545851504,-26.0
0.01,-341.06375545851506,-26.0
0.01,-341.22375545851503,-26.0
0.01,-341.383755458515,-26.0
0.01,-341.543755458515,-26.0
0.01,-341.70375545851505,-26.0
0.01,-341.863755458515,-26.0
0.01,-342.02375545851504,-26.0
0.01,-342.18375545851507,-26.0
0.01,-342.34375545851503,-26.0
0.01,-342.503755458515,-26.0
0.01,-342.663755458515,-26.0
0.01,-342.82375545851505,-26.0
0.01,-342.983755458515,-26.0
0.01,-343.143755458515,-26.0
0.01,-343.30375545851507,-26.0
0.01,-343.46375545851504,-26.0
0.01,-343.623755458515,-26.0
0.01,-343.78375545851503,-26.0
0.01,-343.94375545851506,-26.0
0.01,-344.103755458515,-26.0
0.01,-344.263755458515,-26.0
0.01,-344.423755458515,-26.0
0.01,-344.58375545851504,-26.0
0.01,-344.743755458515,-26.0
0.01,-344.90375545851504,-26.0
0.01,-345.06375545851506,-26.0
0.01,-345.22375545851503,-26.0
0.01,-345.383755458515,-26.0
0.01,-345.543755458515,-26.0
0.01,-345.70375545851505,-26.0
0.01,-345.863755458515,-26.0
0.01,-346.02375545851504,-26.0
0.01,-346.18375545851507,-26.0
0.01,-346.34375545851503,-26.0
0.01,-346.503755458515,-26.0
0.01,-346.663755458515,-26.0
0.01,-346.82375545851505,-26.0
0.01,-346.983755458515,-26.0
0.01,-347.143755458515,-26.0
0.01,-347.30375545851507,-26.0
0.01,-347.46375545851504,-26.0
0.01,-347.623755458515,-26.0
0.01,-347.78375545851503,-26.0
0.01,-347.94375545851506,-26.0
0.01,-348.103755458515,-26.0
0.01,-348.263755458515,-26.0
0.01,-348.423755458515,-26.0
0.01,-348.58375545851504,-26.0
0.01,-348.743755458515,-26.0
0.01,-348.90375545851504,-26.0
0.01,-349.06375545851506,-26.0
0.01,-349.22375545851503,-26.0
0.01,-349.383755458515,-26.0
0.01,-349.543755458515,-26.0
0.01,-349.70375545851505,-26.0
0.01,-349.863755458515,-26.0
0.01,-350.02375545851504,-26.0
0.01,-350.18375545851507,-26.0
0.01,-350.34375545851503,-26.0
0.01,-350.503755458515,-26.0
0.01,-350.663755458515,-26.0
0.01,-350.82375545851505,-26.0
0.01,-350.983755458515,-26.0
0.01,-351.143755458515,-26.0
0.01,-351.30375545851507,-26.0
0.01,-351.46375545851504,-26.0
0.01,-351.623755458515,-26.0
0.01,-351.78375545851503,-26.0
0.01,-351.94375545851506,-26.0
0.01,-352.103755458515,-26.0
0.01,-352.263755458515,-26.0
0.01,-352.423755458515,-26.0
0.01,-352.58375545851504,-26.0
0.01,-352.743755458515,-26.0
0.01,-352.90375545851504,-26.0
0.01,-353.06375545851506,-26.0
0.01,-353.22375545851503,-26.0
0.01,-353.383755458515,-26.0
0.01,-353.543755458515,-26.0
0.01,-353.70375545851505,-26.0
0.01,-353.863755458515,-26.0
0.01,-354.02375545851504,-26.0
0.01,-354.18375545851507,-26.0
0.01,-354.34375545851503,-26.0
0.01,-354.503755458515,-26.0
0.01,-354.663755458515,-26.0
0.01,-354.82375545851505,-26.0
0.01,-354.983755458515,-26.0
0.01,-355.143755458515,-26.0
0.01,-355.30375545851507,-26.0
0.01,-355.46375545851504,-26.0
0.01,-355.623755458515,-26.0
0.01,-355.78375545851503,-26.0
0.01,-355.94375545851506,-26.0
0.01,-356.103755458515,-26.0
0.01,-356.263755458515,-26.0
0.01,-356.423755458515,-26.0
0.01,-356.58375545851504,-26.0
0.01,-356.743755458515,-26.0
0.01,-356.90375545851504,-26.0
0.01,-357.06375545851506,-26.0
0.01,-357.22375545851503,-26.0
0.01,-357.383755458515,-26.0
0.01,-357.543755458515,-26.0
0.01,-357.70375545851505,-26.0
0.01,-357.863755458515,-26.0
0.01,-358.02375545851504,-26.0
0.01,-358.18375545851507,-26.0
0.01,-358.34375545851503,-26.0
0.01,-358.503755458515,-26.0
0.01,-358.663755458515,-26.0
0.01,-358.82375545851505,-26.0
0.01,-358.983755458515,-26.0
0.01,-359.143755458515,-26.0
0.01,-359.30375545851507,-26.0
0.01,-359.46375545851504,-26.0
0.01,-359.623755458515,-26.0
0.01,-359.78375545851503,-26.0
0.01,-359.94375545851506,-26.0
0.01,-360.103755458515,-26.0
0.01,-360.263755458515,-26.0
0.01,-360.423755458515,-26.0
0.01,-360.58375545851504,-26.0
0.01,-360.743755458515,-26.0
0.01,-360.90375545851504,-26.0
0.01,-361.06375545851506,-26.0
0.01,-361.22375545851503,-26.0
0.01,-361.383755458515,-26.0
0.01,-361.543755458515,-26.0
0.01,-361.70375545851505,-26.0
0.01,-361.863755458515,-26.0
0.01,-362.02375545851504,-26.0
0.01,-362.18375545851507,-26.0
0.01,-362.34375545851503,-26.0
0.01,-362.503755458515,-26.0
0.01,-362.663755458515,-26.0
0.01,-362.82375545851505,-26.0
0.01,-362.983755458515,-26.0
0.01,-363.143755458515,-26.0
0.01,-363.30375545851507,-26.0
0.01,-363.46375545851504,-26.0
0.01,-363.623755458515,-26.0
0.01,-363.78375545851503,-26.0
0.01,-363.94375545851506,-26.0
0.01,-364.103755458515,-26.0
0.01,-364.263755458515,-26.0
0.01,-364.423755458515,-26.0
0.01,-364.58375545851504,-26.0
0.01,-364.743755458515,-26.0
0.01,-364.90375545851504,-26.0
0.01,-365.06375545851506,-26.0
0.01,-365.22375545851503,-26.0
0.01,-365.383755458515,-26.0
0.01,-365.543755458515,-26.0
0.01,-365.70375545851505,-26.0
0.01,-365.863755458515,-26.0
0.01,-366.02375545851504,-26.0
0.01,-366.18375545851507,-26.0
0.01,-366.34375545851503,-26.0
0.01,-366.503755458515,-26.0
0.01,-366.663755458515,-26.0
0.01,-366.82375545851505,-26.0
0.01,-366.983755458515,-26.0
0.01,-367.143755458515,-26.0
0.01,-367.30375545851507,-26.0
0.01,-367.46375545851504,-26.0
0.01,-367.623755458515,-26.0
0.01,-367.78375545851503,-26.0
0.01,-367.94375545851506,-26.0
0.01,-368.103755458515,-26.0
0.01,-368.263755458515,-26.0
0.01,-368.423755458515,-26.0
0.01,-368.58375545851504,-26.0
0.01,-368.743755458515,-26.0
0.01,-368.90375545851504,-26.0
0.01,-369.06375545851506,-26.0
0.01,-369.22375545851503,-26.0
0.01,-369.383755458515,-26.0
0.01,-369.543755458515,-26.0
0.01,-369.70375545851505,-26.0
0.01,-369.863755458515,-26.0
0.01,-370.02375545851504,-26.0
0.01,-370.18375545851507,-26.0
0.01,-370.34375545851503,-26.0
0.01,-370.503755458515,-26.0
0.01,-370.663755458515,-26.0
0.01,-370.82375545851505,-26.0
0.01,-370.983755458515,-26.0
0.01,-371.143755458515,-26.0
0.01,-371.30375545851507,-26.0
0.01,-371.46375545851504,-26.0
0.01,-371.623755458515,-26.0
0.01,-371.78375545851503,-26.0
0.01,-371.94375545851506,-26.0
0.01,-372.103755458515,-26.0
0.01,-372.263755458515,-26.0
0.01,-372.423755458515,-26.0
0.01,-372.58375545851504,-26.0
0.01,-372.743755458515,-26.0
0.01,-372.90375545851504,-26.0
0.01,-373.06375545851506,-26.0
0.01,-373.22375545851503,-26.0
0.01,-373.383755458515,-26.0
0.01,-373.543755458515,-26.0
0.01,-373.70375545851505,-26.0
0.01,-373.863755458515,-26.0
0.01,-374.02375545851504,-26.0
0.01,-374.18375545851507,-26.0
0.01,-374.34375545851503,-26.0
0.01,-374.503755458515,-26.0
0.01,-374.663755458515,-26.0
0.01,-374.82375545851505,-26.0
0.01,-374.983755458515,-26.0
0.01,-375.143755458515,-26.0
0.01,-375.30375545851507,-26.0
0.01,-375.46375545851504,-26.0
0.01,-375.623755458515,-26.0
0.01,-375.78375545851503,-26.0
0.01,-375.94375545851506,-26.0
0.01,-376.103755458515,-26.0
0.01,-376.263755458515,-26.0
0.01,-376.423755458515,-26.0
0.01,-376.58375545851504,-26.0
0.01,-376.743755458515,-26.0
0.01,-376.90375545851504,-26.0
0.01,-377.06375545851506,-26.0
0.01,-377.22375545851503,-26.0
0.01,-377.383755458515,-26.0
0.01,-377.543755458515,-26.0
0.01,-377.70375545851505,-26.0
0.01,-377.863755458515,-26.0
0.01,-378.02375545851504,-26.0
0.01,-378.18375545851507,-26.0
0.01,-378.34375545851503,-26.0
0.01,-378.503755458515,-26.0
0.01,-378.663755458515,-26.0
0.01,-378.82375545851505,-26.0
0.01,-378.983755458515,-26.0
0.01,-379.143755458515,-26.0
0.01,-379.30375545851507,-26.0
0.01,-379.46375545851504,-26.0
0.01,-379.623755458515,-26.0
0.01,-379.78375545851503,-26.0
0.01,-379.94375545851506,-26.0
0.01,-380.103755458515,-26.0
0.01,-380.263755458515,-26.0
0.01,-380.423755458515,-26.0
0.01,-380.58375545851504,-26.0
0.01,-380.743755458515,-26.0
0.01,-380.90375545851504,-26.0
0.01,-381.06375545851506,-26.0
0.01,-381.22375545851503,-26.0
0.01,-381.383755458515,-26.0
0.01,-381.543755458515,-26.0
0.01,-381.70375545851505,-26.0
0.01,-381.863755458515,-26.0
0.01,-382.02375545851504,-26.0
0.01,-382.18375545851507,-26.0
0.01,-382.34375545851503,-26.0
0.01,-382.503755458515,-26.0
0.01,-382.663755458515,-26.0
0.01,-382.82375545851505,-26.0
0.01,-382.983755458515,-26.0
0.01,-383.143755458515,-26.0
0.01,-383.30375545851507,-26.0
0.01,-383.46375545851504,-26.0
0.01,-383.623755458515,-26.0
0.01,-383.78375545851503,-26.0
0.01,-383.94375545851506,-26.0
0.01,-384.103755458515,-26.0
0.01,-384.263755458515,-26.0
0.01,-384.423755458515,-26.0
0.01,-384.58375545851504,-26.0
0.01,-384.743755458515,-26.0
0.01,-384.90375545851504,-26.0
0.01,-385.06375545851506,-26.0
0.01,-385.22375545851503,-26.0
0.01,-385.383755458515,-26.0
0.01,-385.543755458515,-26.0
0.01,-385.70375545851505,-26.0
0.01,-385.863755458515,-26.0
0.01,-386.02375545851504,-26.0
0.01,-386.18375545851507,-26.0
0.01,-386.34375545851503,-26.0
0.01,-386.503755458515,-26.0
0.01,-386.663755458515,-26.0
0.01,-386.82375545851505,-26.0
0.01,-386.983755458515,-26.0
0.01,-387.14375545851505,-26.0
0.01,-387.30375545851507,-26.0
0.01,-387.46375545851504,-26.0
0.01,-387.623755458515,-26.0
0.01,-387.78375545851503,-26.0
0.01,-387.94375545851506,-26.0
0.01,-388.103755458515,-26.0
0.01,-388.263755458515,-26.0
0.01,-388.423755458515,-26.0
0.01,-388.58375545851504,-26.0
0.01,-388.743755458515,-26.0
0.01,-388.90375545851504,-26.0
0.01,-389.06375545851506,-26.0
0.01,-389.22375545851503,-26.0
0.01,-389.383755458515,-26.0
0.01,-389.543755458515,-26.0
0.01,-389.70375545851505,-26.0
0.01,-389.863755458515,-26.0
0.01,-390.02375545851504,-26.0
0.01,-390.18375545851507,-26.0
0.01,-390.34375545851503,-26.0
0.01,-390.503755458515,-26.0
0.01,-390.663755458515,-26.0
0.01,-390.82375545851505,-26.0
0.01,-390.983755458515,-26.0
0.01,-391.14375545851505,-26.0
0.01,-391.30375545851507,-26.0
0.01,-391.46375545851504,-26.0
0.01,-391.623755458515,-26.0
0.01,-391.78375545851503,-26.0
0.01,-391.94375545851506,-26.0
0.01,-392.103755458515,-26.0
0.01,-392.263755458515,-26.0
0.01,-392.423755458515,-26.0
0.01,-392.58375545851504,-26.0
0.01,-392.743755458515,-26.0
0.01,-392.90375545851504,-26.0
0.01,-393.06375545851506,-26.0
0.01,-393.22375545851503,-26.0
0.01,-393.383755458515,-26.0
0.01,-393.543755458515,-26.0
0.01,-393.70375545851505,-26.0
0.01,-393.863755458515,-26.0
0.01,-394.02375545851504,-26.0
0.01,-394.18375545851507,-26.0
0.01,-394.34375545851503,-26.0
0.01,-394.503755458515,-26.0
0.01,-394.663755458515,-26.0
0.01,-394.82375545851505,-26.0
0.01,-394.983755458515,-26.0
0.01,-395.14375545851505,-26.0
0.01,-395.30375545851507,-26.0
0.01,-395.46375545851504,-26.0
0.01,-395.623755458515,-26.0
0.01,-395.78375545851503,-26.0
0.01,-395.94375545851506,-26.0
0.01,-396.103755458515,-26.0
0.01,-396.263755458515,-26.0
0.01,-396.423755458515,-26.0
0.01,-396.58375545851504,-26.0
0.01,-396.743755458515,-26.0
0.01,-396.90375545851504,-26.0
0.01,-397.06375545851506,-26.0
0.01,-397.22375545851503,-26.0
0.01,-397.383755458515,-26.0
0.01,-397.543755458515,-26.0
0.01,-397.70375545851505,-26.0
0.01,-397.863755458515,-26.0
0.01,-398.02375545851504,-26.0
0.01,-398.18375545851507,-26.0
0.01,-398.34375545851503,-26.0
0.01,-398.503755458515,-26.0
0.01,-398.663755458515,-26.0
0.01,-398.82375545851505,-26.0
0.01,-398.983755458515,-26.0
0.01,-399.14375545851505,-26.0
0.01,-399.30375545851507,-26.0
0.01,-399.46375545851504,-26.0
0.01,-399.623755458515,-26.0
0.01,-399.78375545851503,-26.0
0.01,-399.94375545851506,-26.0
0.01,-400.103755458515,-26.0
0.01,-400.263755458515,-26.0
0.01,-400.423755458515,-26.0
0.01,-400.58375545851504,-26.0
0.01,-400.743755458515,-26.0
0.01,-400.90375545851504,-26.0
0.01,-401.06375545851506,-26.0
0.01,-401.22375545851503,-26.0
0.01,-401.383755458515,-26.0
0.01,-401.543755458515,-26.0
0.01,-401.70375545851505,-26.0
0.01,-401.863755458515,-26.0
0.01,-402.02375545851504,-26.0
0.01,-402.18375545851507,-26.0
0.01,-402.34375545851503,-26.0
0.01,-402.503755458515,-26.0
0.01,-402.663755458515,-26.0
0.01,-402.82375545851505,-26.0
0.01,-402.983755458515,-26.0
0.01,-403.14375545851505,-26.0
0.01,-403.30375545851507,-26.0
0.01,-403.46375545851504,-26.0
0.01,-403.623755458515,-26.0
0.01,-403.78375545851503,-26.0
0.01,-403.94375545851506,-26.0
0.01,-404.103755458515,-26.0
0.01,-404.263755458515,-26.0
0.01,-404.423755458515,-26.0
0.01,-404.58375545851504,-26.0
0.01,-404.743755458515,-26.0
0.01,-404.90375545851504,-26.0
0.01,-405.06375545851506,-26.0
0.01,-405.22375545851503,-26.0
0.01,-405.383755458515,-26.0
0.01,-405.543755458515,-26.0
0.01,-405.70375545851505,-26.0
0.01,-405.863755458515,-26.0
0.01,-406.02375545851504,-26.0
0.01,-406.18375545851507,-26.0
0.01,-406.34375545851503,-26.0
0.01,-406.503755458515,-26.0
0.01,-406.663755458515,-26.0
0.01,-406.82375545851505,-26.0
0.01,-406.983755458515,-26.0
0.01,-407.14375545851505,-26.0
0.01,-407.30375545851507,-26.0
0.01,-407.46375545851504,-26.0
0.01,-407.623755458515,-26.0
0.01,-407.78375545851503,-26.0
0.01,-407.94375545851506,-26.0
0.01,-408.103755458515,-26.0
0.01,-408.263755458515,-26.0
0.01,-408.423755458515,-26.0
0.01,-408.58375545851504,-26.0
0.01,-408.743755458515,-26.0
0.01,-408.90375545851504,-26.0
0.01,-409.06375545851506,-26.0
0.01,-409.22375545851503,-26.0
0.01,-409.383755458515,-26.0
0.01,-409.543755458515,-26.0
0.01,-409.70375545851505,-26.0
0.01,-409.863755458515,-26.0
0.01,-410.02375545851504,-26.0
0.01,-410.18375545851507,-26.0
0.01,-410.34375545851503,-26.0
0.01,-410.503755458515,-26.0
0.01,-410.663755458515,-26.0
0.01,-410.82375545851505,-26.0
0.01,-410.983755458515,-26.0
0.01,-411.14375545851505,-26.0
0.01,-411.30375545851507,-26.0
0.01,-411.46375545851504,-26.0
0.01,-411.623755458515,-26.0
0.01,-411.78375545851503,-26.0
0.01,-411.94375545851506,-26.0
0.01,-412.103755458515,-26.0
0.01,-412.263755458515,-26.0
0.01,-412.423755458515,-26.0
0.01,-412.58375545851504,-26.0
0.01,-412.743755458515,-26.0
0.01,-412.90375545851504,-26.0
0.01,-413.06375545851506,-26.0
0.01,-413.22375545851503,-26.0
0.01,-413.383755458515,-26.0
0.01,-413.543755458515,-26.0
0.01,-413.70375545851505,-26.0
0.01,-413.863755458515,-26.0
0.01,-414.02375545851504,-26.0
0.01,-414.18375545851507,-26.0
0.01,-414.34375545851503,-26.0
0.01,-414.503755458515,-26.0
0.01,-414.663755458515,-26.0
0.01,-414.82375545851505,-26.0
0.01,-414.983755458515,-26.0
0.01,-415.14375545851505,-26.0
0.01,-415.30375545851507,-26.0
0.01,-415.46375545851504,-26.0
0.01,-415.623755458515,-26.0
0.01,-415.78375545851503,-26.0
0.01,-415.94375545851506,-26.0
0.01,-416.103755458515,-26.0
0.01,-416.263755458515,-26.0
0.01,-416.423755458515,-26.0
0.01,-416.58375545851504,-26.0
0.01,-416.743755458515,-26.0
0.01,-416.90375545851504,-26.0
0.01,-417.06375545851506,-26.0
0.01,-417.22375545851503,-26.0
0.01,-417.383755458515,-26.0
0.01,-417.543755458515,-26.0
0.01,-417.70375545851505,-26.0
0.01,-417.863755458515,-26.0
0.01,-418.02375545851504,-26.0
0.01,-418.18375545851507,-26.0
0.01,-418.34375545851503,-26.0
0.01,-418.503755458515,-26.0
0.01,-418.663755458515,-26.0
0.01,-418.82375545851505,-26.0
0.01,-418.983755458515,-26.0
0.01,-419.14375545851505,-26.0
0.01,-419.30375545851507,-26.0
0.01,-419.46375545851504,-26.0
0.01,-419.623755458515,-26.0
0.01,-419.78375545851503,-26.0
0.01,-419.94375545851506,-26.0
0.01,-420.103755458515,-26.0
0.01,-420.263755458515,-26.0
0.01,-420.423755458515,-26.0
0.01,-420.58375545851504,-26.0
0.01,-420.743755458515,-26.0
0.01,-420.90375545851504,-26.0
0.01,-421.06375545851506,-26.0
0.01,-421.22375545851503,-26.0
0.01,-421.383755458515,-26.0
0.01,-421.543755458515,-26.0
0.01,-421.70375545851505,-26.0
0.01,-421.863755458515,-26.0
0.01,-422.02375545851504,-26.0
0.01,-422.18375545851507,-26.0
0.01,-422.34375545851503,-26.0
0.01,-422.503755458515,-26.0
0.01,-422.663755458515,-26.0
0.01,-422.82375545851505,-26.0
0.01,-422.983755458515,-26.0
0.01,-423.14375545851505,-26.0
0.01,-423.30375545851507,-26.0
0.01,-423.46375545851504,-26.0
0.01,-423.623755458515,-26.0
0.01,-423.78375545851503,-26.0
0.01,-423.94375545851506,-26.0
0.01,-424.103755458515,-26.0
0.01,-424.263755458515,-26.0
0.01,-424.423755458515,-26.0
0.01,-424.58375545851504,-26.0
0.01,-424.743755458515,-26.0
0.01,-424.90375545851504,-26.0
0.01,-425.06375545851506,-26.0
0.01,-425.22375545851503,-26.0
0.01,-425.383755458515,-26.0
0.01,-425.543755458515,-26.0
0.01,-425.70375545851505,-26.0
0.01,-425.863755458515,-26.0
0.01,-426.02375545851504,-26.0
0.01,-426.18375545851507,-26.0
0.01,-426.34375545851503,-26.0
0.01,-426.503755458515,-26.0
0.01,-426.663755458515,-26.0
0.01,-426.82375545851505,-26.0
0.01,-426.983755458515,-26.0
0.01,-427.14375545851505,-26.0
0.01,-427.30375545851507,-26.0
0.01,-427.46375545851504,-26.0
0.01,-427.623755458515,-26.0
0.01,-427.78375545851503,-26.0
0.01,-427.94375545851506,-26.0
0.01,-428.103755458515,-26.0
0.01,-428.263755458515,-26.0
0.01,-428.423755458515,-26.0
0.01,-428.58375545851504,-26.0
0.01,-428.743755458515,-26.0
0.01,-428.90375545851504,-26.0
0.01,-429.06375545851506,-26.0
0.01,-429.22375545851503,-26.0
0.01,-429.383755458515,-26.0
0.01,-429.543755458515,-26.0
0.01,-429.70375545851505,-26.0
0.01,-429.863755458515,-26.0
0.01,-430.02375545851504,-26.0
0.01,-430.18375545851507,-26.0
0.01,-430.34375545851503,-26.0
0.01,-430.503755458515,-26.0
0.01,-430.663755458515,-26.0
0.01,-430.82375545851505,-26.0
0.01,-430.983755458515,-26.0
0.01,-431.14375545851505,-26.0
0.01,-431.30375545851507,-26.0
0.01,-431.46375545851504,-26.0
0.01,-431.623755458515,-26.0
0.01,-431.78375545851503,-26.0
0.01,-431.94375545851506,-26.0
0.01,-432.103755458515,-26.0
0.01,-432.263755458515,-26.0
0.01,-432.423755458515,-26.0
0.01,-432.58375545851504,-26.0
0.01,-432.743755458515,-26.0
0.01,-432.90375545851504,-26.0
0.01,-433.06375545851506,-26.0
0.01,-433.22375545851503,-26.0
0.01,-433.383755458515,-26.0
0.01,-433.543755458515,-26.0
0.01,-433.70375545851505,-26.0
0.01,-433.863755458515,-26.0
0.01,-434.02375545851504,-26.0
0.01,-434.18375545851507,-26.0
0.01,-434.34375545851503,-26.0
0.01,-434.503755458515,-26.0
0.01,-434.663755458515,-26.0
0.01,-434.82375545851505,-26.0
0.01,-434.983755458515,-26.0
0.01,-435.14375545851505,-26.0
0.01,-435.30375545851507,-26.0
0.01,-435.46375545851504,-26.0
0.01,-435.623755458515,-26.0
0.01,-435.78375545851503,-26.0
0.01,-435.94375545851506,-26.0
0.01,-436.103755458515,-26.0
0.01,-436.263755458515,-26.0
0.01,-436.423755458515,-26.0
0.01,-436.58375545851504,-26.0
0.01,-436.743755458515,-26.0
0.01,-436.90375545851504,-26.0
0.01,-437.06375545851506,-26.0
0.01,-437.22375545851503,-26.0
0.01,-437.383755458515,-26.0
0.01,-437.543755458515,-26.0
0.01,-437.70375545851505,-26.0
0.01,-437.863755458515,-26.0
0.01,-438.02375545851504,-26.0
0.01,-438.18375545851507,-26.0
0.01,-438.34375545851503,-26.0
0.01,-438.503755458515,-26.0
0.01,-438.663755458515,-26.0
0.01,-438.82375545851505,-26.0
0.01,-438.983755458515,-26.0
0.01,-439.14375545851505,-26.0
0.01,-439.30375545851507,-26.0
0.01,-439.46375545851504,-26.0
0.01,-439.623755458515,-26.0
0.01,-439.78375545851503,-26.0
0.01,-439.94375545851506,-26.0
0.01,-440.103755458515,-26.0
0.01,-440.263755458515,-26.0
0.01,-440.423755458515,-26.0
0.01,-440.58375545851504,-26.0
0.01,-440.743755458515,-26.0
0.01,-440.90375545851504,-26.0
0.01,-441.06375545851506,-26.0
0.01,-441.22375545851503,-26.0
0.01,-441.383755458515,-26.0
0.01,-441.543755458515,-26.0
0.01,-441.70375545851505,-26.0
0.01,-441.863755458515,-26.0
0.01,-442.02375545851504,-26.0
0.01,-442.18375545851507,-26.0
0.01,-442.34375545851503,-26.0
0.01,-442.503755458515,-26.0
0.01,-442.663755458515,-26.0
0.01,-442.82375545851505,-26.0
0.01,-442.983755458515,-26.0
0.01,-443.14375545851505,-26.0
0.01,-443.30375545851507,-26.0
0.01,-443.46375545851504,-26.0
0.01,-443.623755458515,-26.0
0.01,-443.78375545851503,-26.0
0.01,-443.94375545851506,-26.0
0.01,-444.103755458515,-26.0
0.01,-444.263755458515,-26.0
0.01,-444.4237554585151,-26.0
0.01,-444.58375545851504,-26.0
0.01,-444.743755458515,-26.0
0.01,-444.90375545851504,-26.0
0.01,-445.06375545851506,-26.0
0.01,-445.22375545851503,-26.0
0.01,-445.383755458515,-26.0
0.01,-445.543755458515,-26.0
0.01,-445.70375545851505,-26.0
0.01,-445.863755458515,-26.0
0.01,-446.02375545851504,-26.0
0.01,-446.18375545851507,-26.0
0.01,-446.34375545851503,-26.0
0.01,-446.503755458515,-26.0
0.01,-446.663755458515,-26.0
0.01,-446.82375545851505,-26.0
0.01,-446.983755458515,-26.0
0.01,-447.14375545851505,-26.0
0.01,-447.30375545851507,-26.0
0.01,-447.46375545851504,-26.0
0.01,-447.623755458515,-26.0
0.01,-447.78375545851503,-26.0
0.01,-447.94375545851506,-26.0
0.01,-448.103755458515,-26.0
0.01,-448.263755458515,-26.0
0.01,-448.4237554585151,-26.0
0.01,-448.58375545851504,-26.0
0.01,-448.743755458515,-26.0
0.01,-448.90375545851504,-26.0
0.01,-449.06375545851506,-26.0
0.01,-449.22375545851503,-26.0
0.01,-449.383755458515,-26.0
0.01,-449.543755458515,-26.0
0.01,-449.70375545851505,-26.0
0.01,-449.863755458515,-26.0
0.01,-450.02375545851504,-26.0
0.01,-450.18375545851507,-26.0
0.01,-450.34375545851503,-26.0
0.01,-450.503755458515,-26.0
0.01,-450.663755458515,-26.0
0.01,-450.82375545851505,-26.0
0.01,-450.983755458515,-26.0
0.01,-451.14375545851505,-26.0
0.01,-451.303755458515,-26.0
0.01,-451.46375545851504,-26.0
0.01,-451.623755458515,-26.0
0.01,-451.78375545851503,-26.0
0.01,-451.94375545851506,-26.0
0.01,-452.103755458515,-26.0
0.01,-452.26375545851505,-26.0
0.01,-452.423755458515,-26.0
0.01,-452.58375545851504,-26.0
0.01,-452.743755458515,-26.0
0.01,-452.90375545851504,-26.0
0.01,-453.063755458515,-26.0
0.01,-453.22375545851503,-26.0
0.01,-453.38375545851505,-26.0
0.01,-453.543755458515,-26.0
0.01,-453.70375545851505,-26.0
0.01,-453.863755458515,-26.0
0.01,-454.02375545851504,-26.0
0.01,-454.183755458515,-26.0
0.01,-454.34375545851503,-26.0
0.01,-454.50375545851506,-26.0
0.01,-454.663755458515,-26.0
0.01,-454.82375545851505,-26.0
0.01,-454.983755458515,-26.0
0.01,-455.14375545851505,-26.0
0.01,-455.303755458515,-26.0
0.01,-455.46375545851504,-26.0
0.01,-455.623755458515,-26.0
0.01,-455.78375545851503,-26.0
0.01,-455.94375545851506,-26.0
0.01,-456.103755458515,-26.0
0.01,-456.26375545851505,-26.0
0.01,-456.423755458515,-26.0
0.01,-456.58375545851504,-26.0
0.01,-456.743755458515,-26.0
0.01,-456.90375545851504,-26.0
0.01,-457.063755458515,-26.0
0.01,-457.22375545851503,-26.0
0.01,-457.38375545851505,-26.0
0.01,-457.543755458515,-26.0
0.01,-457.70375545851505,-26.0
0.01,-457.863755458515,-26.0
0.01,-458.02375545851504,-26.0
0.01,-458.183755458515,-26.0
0.01,-458.34375545851503,-26.0
0.01,-458.50375545851506,-26.0
0.01,-458.663755458515,-26.0
0.01,-458.82375545851505,-26.0
0.01,-458.983755458515,-26.0
0.01,-459.14375545851505,-26.0
0.01,-459.303755458515,-26.0
0.01,-459.46375545851504,-26.0
0.01,-459.623755458515,-26.0
0.01,-459.78375545851503,-26.0
0.01,-459.94375545851506,-26.0
0.01,-460.103755458515,-26.0
0.01,-460.26375545851505,-26.0
0.01,-460.423755458515,-26.0
0.01,-460.58375545851504,-26.0
0.01,-460.743755458515,-26.0
0.01,-460.90375545851504,-26.0
0.01,-461.063755458515,-26.0
0.01,-461.22375545851503,-26.0
0.01,-461.38375545851505,-26.0
0.01,-461.543755458515,-26.0
0.01,-461.70375545851505,-26.0
0.01,-461.863755458515,-26.0
0.01,-462.02375545851504,-26.0
0.01,-462.183755458515,-26.0
0.01,-462.34375545851503,-26.0
0.01,-462.50375545851506,-26.0
0.01,-462.663755458515,-26.0
0.01,-462.82375545851505,-26.0
0.01,-462.983755458515,-26.0
0.01,-463.14375545851505,-26.0
0.01,-463.303755458515,-26.0
0.01,-463.46375545851504,-26.0
0.01,-463.623755458515,-26.0
0.01,-463.78375545851503,-26.0
0.01,-463.94375545851506,-26.0
0.01,-464.103755458515,-26.0
0.01,-464.26375545851505,-26.0
0.01,-464.423755458515,-26.0
0.01,-464.58375545851504,-26.0
0.01,-464.743755458515,-26.0
0.01,-464.90375545851504,-26.0
0.01,-465.063755458515,-26.0
0.01,-465.22375545851503,-26.0
0.01,-465.38375545851505,-26.0
0.01,-465.543755458515,-26.0
0.01,-465.70375545851505,-26.0
0.01,-465.863755458515,-26.0
0.01,-466.02375545851504,-26.0
0.01,-466.183755458515,-26.0
0.01,-466.34375545851503,-26.0
0.01,-466.50375545851506,-26.0
0.01,-466.663755458515,-26.0
0.01,-466.82375545851505,-26.0
0.01,-466.983755458515,-26.0
0.01,-467.14375545851505,-26.0
0.01,-467.303755458515,-26.0
0.01,-467.46375545851504,-26.0
0.01,-467.623755458515,-26.0
0.01,-467.78375545851503,-26.0
0.01,-467.94375545851506,-26.0
0.01,-468.103755458515,-26.0
0.01,-468.26375545851505,-26.0
0.01,-468.423755458515,-26.0
0.01,-468.58375545851504,-26.0
0.01,-468.743755458515,-26.0
0.01,-468.90375545851504,-26.0
0.01,-469.06375545851506,-26.0
0.01,-469.22375545851503,-26.0
0.01,-469.38375545851505,-26.0
0.01,-469.543755458515,-26.0
0.01,-469.70375545851505,-26.0
0.01,-469.863755458515,-26.0
0.01,-470.02375545851504,-26.0
0.01,-470.183755458515,-26.0
0.01,-470.34375545851503,-26.0
0.01,-470.50375545851506,-26.0
0.01,-470.663755458515,-26.0
0.01,-470.82375545851505,-26.0
0.01,-470.983755458515,-26.0
0.01,-471.14375545851505,-26.0
0.01,-471.303755458515,-26.0
0.01,-471.46375545851504,-26.0
0.01,-471.623755458515,-26.0
0.01,-471.78375545851503,-26.0
0.01,-471.94375545851506,-26.0
0.01,-472.103755458515,-26.0
0.01,-472.26375545851505,-26.0
0.01,-472.423755458515,-26.0
0.01,-472.58375545851504,-26.0
0.01,-472.743755458515,-26.0
0.01,-472.90375545851504,-26.0
0.01,-473.06375545851506,-26.0
0.01,-473.22375545851503,-26.0
0.01,-473.38375545851505,-26.0
0.01,-473.543755458515,-26.0
0.01,-473.70375545851505,-26.0
0.01,-473.863755458515,-26.0
0.01,-474.02375545851504,-26.0
0.01,-474.183755458515,-26.0
0.01,-474.34375545851503,-26.0
0.01,-474.50375545851506,-26.0
0.01,-474.663755458515,-26.0
0.01,-474.82375545851505,-26.0
0.01,-474.983755458515,-26.0
0.01,-475.14375545851505,-26.0
0.01,-475.303755458515,-26.0
0.01,-475.46375545851504,-26.0
0.01,-475.623755458515,-26.0
0.01,-475.78375545851503,-26.0
0.01,-475.94375545851506,-26.0
0.01,-476.103755458515,-26.0
0.01,-476.26375545851505,-26.0
0.01,-476.423755458515,-26.0
0.01,-476.58375545851504,-26.0
0.01,-476.743755458515,-26.0
0.01,-476.90375545851504,-26.0
0.01,-477.06375545851506,-26.0
0.01,-477.22375545851503,-26.0
0.01,-477.38375545851505,-26.0
0.01,-477.543755458515,-26.0
0.01,-477.70375545851505,-26.0
0.01,-477.863755458515,-26.0
0.01,-478.02375545851504,-26.0
0.01,-478.183755458515,-26.0
0.01,-478.34375545851503,-26.0
0.01,-478.50375545851506,-26.0
0.01,-478.663755458515,-26.0
0.01,-478.82375545851505,-26.0
0.01,-478.983755458515,-26.0
0.01,-479.14375545851505,-26.0
0.01,-479.303755458515,-26.0
0.01,-479.46375545851504,-26.0
0.01,-479.623755458515,-26.0
0.01,-479.78375545851503,-26.0
0.01,-479.94375545851506,-26.0
0.01,-480.103755458515,-26.0
0.01,-480.26375545851505,-26.0
0.01,-480.423755458515,-26.0
0.01,-480.58375545851504,-26.0
0.01,-480.743755458515,-26.0
0.01,-480.90375545851504,-26.0
0.01,-481.06375545851506,-26.0
0.01,-481.22375545851503,-26.0
0.01,-481.38375545851505,-26.0
0.01,-481.543755458515,-26.0
0.01,-481.70375545851505,-26.0
0.01,-481.863755458515,-26.0
0.01,-482.02375545851504,-26.0
0.01,-482.183755458515,-26.0
0.01,-482.34375545851503,-26.0
0.01,-482.50375545851506,-26.0
0.01,-482.663755458515,-26.0
0.01,-482.82375545851505,-26.0
0.01,-482.983755458515,-26.0
0.01,-483.14375545851505,-26.0
0.01,-483.303755458515,-26.0
0.01,-483.46375545851504,-26.0
0.01,-483.623755458515,-26.0
0.01,-483.78375545851503,-26.0
0.01,-483.94375545851506,-26.0
0.01,-484.103755458515,-26.0
0.01,-484.26375545851505,-26.0
0.01,-484.423755458515,-26.0
0.01,-484.58375545851504,-26.0
0.01,-484.743755458515,-26.0
0.01,-484.90375545851504,-26.0
0.01,-485.06375545851506,-26.0
0.01,-485.22375545851503,-26.0
0.01,-485.38375545851505,-26.0
0.01,-485.543755458515,-26.0
0.01,-485.70375545851505,-26.0
0.01,-485.863755458515,-26.0
0.01,-486.02375545851504,-26.0
0.01,-486.183755458515,-26.0
0.01,-486.34375545851503,-26.0
0.01,-486.50375545851506,-26.0
0.01,-486.663755458515,-26.0
0.01,-486.82375545851505,-26.0
0.01,-486.983755458515,-26.0
0.01,-487.14375545851505,-26.0
0.01,-487.303755458515,-26.0
0.01,-487.46375545851504,-26.0
0.01,-487.623755458515,-26.0
0.01,-487.78375545851503,-26.0
0.01,-487.94375545851506,-26.0
0.01,-488.103755458515,-26.0
0.01,-488.26375545851505,-26.0
0.01,-488.423755458515,-26.0
0.01,-488.58375545851504,-26.0
0.01,-488.743755458515,-26.0
0.01,-488.90375545851504,-26.0
0.01,-489.06375545851506,-26.0
0.01,-489.22375545851503,-26.0
0.01,-489.38375545851505,-26.0
0.01,-489.543755458515,-26.0
0.01,-489.70375545851505,-26.0
0.01,-489.863755458515,-26.0
0.01,-490.02375545851504,-26.0
0.01,-490.183755458515,-26.0
0.01,-490.34375545851503,-26.0
0.01,-490.50375545851506,-26.0
0.01,-490.663755458515,-26.0
0.01,-490.82375545851505,-26.0
0.01,-490.983755458515,-26.0
0.01,-491.14375545851505,-26.0
0.01,-491.303755458515,-26.0
0.01,-491.46375545851504,-26.0
0.01,-491.623755458515,-26.0
0.01,-491.78375545851503,-26.0
0.01,-491.94375545851506,-26.0
0.01,-492.103755458515,-26.0
0.01,-492.26375545851505,-26.0
0.01,-492.423755458515,-26.0
0.01,-492.58375545851504,-26.0
0.01,-492.743755458515,-26.0
0.01,-492.90375545851504,-26.0
0.01,-493.06375545851506,-26.0
0.01,-493.22375545851503,-26.0
0.01,-493.38375545851505,-26.0
0.01,-493.543755458515,-26.0
0.01,-493.70375545851505,-26.0
0.01,-493.863755458515,-26.0
0.01,-494.02375545851504,-26.0
0.01,-494.183755458515,-26.0
0.01,-494.34375545851503,-26.0
0.01,-494.50375545851506,-26.0
0.01,-494.663755458515,-26.0
0.01,-494.82375545851505,-26.0
0.01,-494.983755458515,-26.0
0.01,-495.14375545851505,-26.0
0.01,-495.303755458515,-26.0
0.01,-495.46375545851504,-26.0
0.01,-495.623755458515,-26.0
0.01,-495.78375545851503,-26.0
0.01,-495.94375545851506,-26.0
0.01,-496.103755458515,-26.0
0.01,-496.26375545851505,-26.0
0.01,-496.423755458515,-26.0
0.01,-496.58375545851504,-26.0
0.01,-496.743755458515,-26.0
0.01,-496.90375545851504,-26.0
0.01,-497.06375545851506,-26.0
0.01,-497.22375545851503,-26.0
0.01,-497.38375545851505,-26.0
0.01,-497.543755458515,-26.0
0.01,-497.70375545851505,-26.0
0.01,-497.863755458515,-26.0
0.01,-498.02375545851504,-26.0
0.01,-498.183755458515,-26.0
0.01,-498.34375545851503,-26.0
0.01,-498.50375545851506,-26.0
0.01,-498.663755458515,-26.0
0.01,-498.82375545851505,-26.0
0.01,-498.983755458515,-26.0
0.01,-499.14375545851505,-26.0
0.01,-499.303755458515,-26.0
0.01,-499.46375545851504,-26.0
0.01,-499.623755458515,-26.0
0.01,-499.78375545851503,-26.0
0.01,-499.94375545851506,-26.0
0.01,-500.103755458515,-26.0
0.01,-500.26375545851505,-26.0
0.01,-500.423755458515,-26.0
0.01,-500.58375545851504,-26.0
0.01,-500.743755458515,-26.0
0.01,-500.90375545851504,-26.0
0.01,-501.06375545851506,-26.0
0.01,-501.22375545851503,-26.0
0.01,-501.38375545851505,-26.0
0.01,-501.543755458515,-26.0
0.01,-501.70375545851505,-26.0
0.01,-501.863755458515,-26.0
0.01,-502.02375545851504,-26.0
0.01,-502.183755458515,-26.0
0.01,-502.34375545851503,-26.0
0.01,-502.50375545851506,-26.0
0.01,-502.663755458515,-26.0
0.01,-502.82375545851505,-26.0
0.01,-502.983755458515,-26.0
0.01,-503.14375545851505,-26.0
0.01,-503.303755458515,-26.0
0.01,-503.46375545851504,-26.0
0.01,-503.623755458515,-26.0
0.01,-503.78375545851503,-26.0
0.01,-503.94375545851506,-26.0
0.01,-504.103755458515,-26.0
0.01,-504.26375545851505,-26.0
0.01,-504.423755458515,-26.0
0.01,-504.58375545851504,-26.0
0.01,-504.743755458515,-26.0
0.01,-504.90375545851504,-26.0
0.01,-505.06375545851506,-26.0
0.01,-505.22375545851503,-26.0
0.01,-505.38375545851505,-26.0
0.01,-505.543755458515,-26.0
0.01,-505.70375545851505,-26.0
0.01,-505.863755458515,-26.0
0.01,-506.02375545851504,-26.0
0.01,-506.183755458515,-26.0
0.01,-506.34375545851503,-26.0
0.01,-506.50375545851506,-26.0
0.01,-506.663755458515,-26.0
0.01,-506.82375545851505,-26.0
0.01,-506.983755458515,-26.0
0.01,-507.14375545851505,-26.0
0.01,-507.303755458515,-26.0
0.01,-507.46375545851504,-26.0
0.01,-507.623755458515,-26.0
0.01,-507.78375545851503,-26.0
0.01,-507.94375545851506,-26.0
0.01,-508.103755458515,-26.0
0.01,-508.26375545851505,-26.0
0.01,-508.423755458515,-26.0
0.01,-508.58375545851504,-26.0
0.01,-508.743755458515,-26.0
0.01,-508.90375545851504,-26.0
0.01,-509.06375545851506,-26.0
0.01,-509.22375545851503,-26.0
0.01,-509.38375545851505,-26.0
0.01,-509.543755458515,-26.0
0.01,-509.70375545851505,-26.0
0.01,-509.863755458515,-26.0
0.01,-510.02375545851504,-26.0
0.01,-510.183755458515,-26.0
0.01,-510.34375545851503,-26.0
0.01,-510.50375545851506,-26.0
0.01,-510.663755458515,-26.0
0.01,-510.82375545851505,-26.0
0.01,-510.983755458515,-26.0
0.01,-511.14375545851505,-26.0
0.01,-511.303755458515,-26.0
0.01,-511.46375545851504,-26.0
0.01,-511.623755458515,-26.0
0.01,-511.78375545851503,-26.0
0.01,-511.94375545851506,-26.0
0.01,-512.103755458515,-26.0
0.01,-512.2637554585151,-26.0
0.01,-512.423755458515,-26.0
0.01,-512.583755458515,-26.0
0.01,-512.743755458515,-26.0
0.01,-512.903755458515,-26.0
0.01,-513.0637554585151,-26.0
0.01,-513.223755458515,-26.0
0.01,-513.383755458515,-26.0
0.01,-513.5437554585151,-26.0
0.01,-513.703755458515,-26.0
0.01,-513.863755458515,-26.0
0.01,-514.0237554585151,-26.0
0.01,-514.183755458515,-26.0
0.01,-514.343755458515,-26.0
0.01,-514.5037554585151,-26.0
0.01,-514.663755458515,-26.0
0.01,-514.823755458515,-26.0
0.01,-514.983755458515,-26.0
0.01,-515.143755458515,-26.0
0.01,-515.3037554585151,-26.0
0.01,-515.463755458515,-26.0
0.01,-515.623755458515,-26.0
0.01,-515.7837554585151,-26.0
0.01,-515.943755458515,-26.0
0.01,-516.103755458515,-26.0
0.01,-516.2637554585151,-26.0
0.01,-516.423755458515,-26.0
0.01,-516.583755458515,-26.0
0.01,-516.743755458515,-26.0
0.01,-516.903755458515,-26.0
0.01,-517.0637554585151,-26.0
0.01,-517.223755458515,-26.0
0.01,-517.383755458515,-26.0
0.01,-517.5437554585151,-26.0
0.01,-517.703755458515,-26.0
0.01,-517.863755458515,-26.0
0.01,-518.0237554585151,-26.0
0.01,-518.183755458515,-26.0
0.01,-518.343755458515,-26.0
0.01,-518.5037554585151,-26.0
0.01,-518.663755458515,-26.0
0.01,-518.823755458515,-26.0
0.01,-518.983755458515,-26.0
0.01,-519.143755458515,-26.0
0.01,-519.3037554585151,-26.0
0.01,-519.463755458515,-26.0
0.01,-519.623755458515,-26.0
0.01,-519.7837554585151,-26.0
0.01,-519.943755458515,-26.0
0.01,-520.103755458515,-26.0
0.01,-520.2637554585151,-26.0
0.01,-520.423755458515,-26.0
0.01,-520.583755458515,-26.0
0.01,-520.743755458515,-26.0
0.01,-520.903755458515,-26.0
0.01,-521.0637554585151,-26.0
0.01,-521.223755458515,-26.0
0.01,-521.383755458515,-26.0
0.01,-521.5437554585151,-26.0
0.01,-521.703755458515,-26.0
0.01,-521.863755458515,-26.0
0.01,-522.0237554585151,-26.0
0.01,-522.183755458515,-26.0
0.01,-522.343755458515,-26.0
0.01,-522.5037554585151,-26.0
0.01,-522.663755458515,-26.0
0.01,-522.823755458515,-26.0
0.01,-522.983755458515,-26.0
0.01,-523.143755458515,-26.0
0.01,-523.3037554585151,-26.0
0.01,-523.463755458515,-26.0
0.01,-523.623755458515,-26.0
0.01,-523.7837554585151,-26.0
0.01,-523.943755458515,-26.0
0.01,-524.103755458515,-26.0
0.01,-524.2637554585151,-26.0
0.01,-524.423755458515,-26.0
0.01,-524.583755458515,-26.0
0.01,-524.743755458515,-26.0
0.01,-524.903755458515,-26.0
0.01,-525.0637554585151,-26.0
0.01,-525.223755458515,-26.0
0.01,-525.383755458515,-26.0
0.01,-525.5437554585151,-26.0
0.01,-525.703755458515,-26.0
0.01,-525.863755458515,-26.0
0.01,-526.0237554585151,-26.0
0.01,-526.183755458515,-26.0
0.01,-526.343755458515,-26.0
0.01,-526.5037554585151,-26.0
0.01,-526.663755458515,-26.0
0.01,-526.823755458515,-26.0
0.01,-526.983755458515,-26.0
0.01,-527.143755458515,-26.0
0.01,-527.3037554585151,-26.0
0.01,-527.463755458515,-26.0
0.01,-527.623755458515,-26.0
0.01,-527.7837554585151,-26.0
0.01,-527.943755458515,-26.0
0.01,-528.103755458515,-26.0
0.01,-528.2637554585151,-26.0
0.01,-528.423755458515,-26.0
0.01,-528.583755458515,-26.0
0.01,-528.743755458515,-26.0
0.01,-528.903755458515,-26.0
0.01,-529.0637554585151,-26.0
0.01,-529.223755458515,-26.0
0.01,-529.383755458515,-26.0
0.01,-529.5437554585151,-26.0
0.01,-529.703755458515,-26.0
0.01,-529.863755458515,-26.0
0.01,-530.0237554585151,-26.0
0.01,-530.183755458515,-26.0
0.01,-530.343755458515,-26.0
0.01,-530.5037554585151,-26.0
0.01,-530.663755458515,-26.0
0.01,-530.823755458515,-26.0
0.01,-530.983755458515,-26.0
0.01,-531.143755458515,-26.0
0.01,-531.3037554585151,-26.0
0.01,-531.463755458515,-26.0
0.01,-531.623755458515,-26.0
0.01,-531.7837554585151,-26.0
0.01,-531.943755458515,-26.0
0.01,-532.103755458515,-26.0
0.01,-532.2637554585151,-26.0
0.01,-532.423755458515,-26.0
0.01,-532.583755458515,-26.0
0.01,-532.743755458515,-26.0
0.01,-532.903755458515,-26.0
0.01,-533.0637554585151,-26.0
0.01,-533.223755458515,-26.0
0.01,-533.383755458515,-26.0
0.01,-533.5437554585151,-26.0
0.01,-533.703755458515,-26.0
0.01,-533.863755458515,-26.0
0.01,-534.0237554585151,-26.0
0.01,-534.183755458515,-26.0
0.01,-534.343755458515,-26.0
0.01,-534.5037554585151,-26.0
0.01,-534.663755458515,-26.0
0.01,-534.823755458515,-26.0
0.01,-534.983755458515,-26.0
0.01,-535.143755458515,-26.0
0.01,-535.3037554585151,-26.0
0.01,-535.463755458515,-26.0
0.01,-535.623755458515,-26.0
0.01,-535.7837554585151,-26.0
0.01,-535.943755458515,-26.0
0.01,-536.103755458515,-26.0
0.01,-536.2637554585151,-26.0
0.01,-536.423755458515,-26.0
0.01,-536.583755458515,-26.0
0.01,-536.743755458515,-26.0
0.01,-536.903755458515,-26.0
0.01,-537.0637554585151,-26.0
0.01,-537.223755458515,-26.0
0.01,-537.383755458515,-26.0
0.01,-537.5437554585151,-26.0
0.01,-537.703755458515,-26.0
0.01,-537.863755458515,-26.0
0.01,-538.0237554585151,-26.0
0.01,-538.183755458515,-26.0
0.01,-538.343755458515,-26.0
0.01,-538.5037554585151,-26.0
0.01,-538.663755458515,-26.0
0.01,-538.823755458515,-26.0
0.01,-538.983755458515,-26.0
0.01,-539.143755458515,-26.0
0.01,-539.3037554585151,-26.0
0.01,-539.463755458515,-26.0
0.01,-539.623755458515,-26.0
0.01,-539.7837554585151,-26.0
0.01,-539.943755458515,-26.0
0.01,-540.103755458515,-26.0
0.01,-540.2637554585151,-26.0
0.01,-540.423755458515,-26.0
0.01,-540.583755458515,-26.0
0.01,-540.743755458515,-26.0
0.01,-540.903755458515,-26.0
0.01,-541.0637554585151,-26.0
0.01,-541.223755458515,-26.0
0.01,-541.383755458515,-26.0
0.01,-541.5437554585151,-26.0
0.01,-541.703755458515,-26.0
0.01,-541.863755458515,-26.0
0.01,-542.0237554585151,-26.0
0.01,-542.183755458515,-26.0
0.01,-542.343755458515,-26.0
0.01,-542.5037554585151,-26.0
0.01,-542.663755458515,-26.0
0.01,-542.823755458515,-26.0
0.01,-542.983755458515,-26.0
0.01,-543.143755458515,-26.0
0.01,-543.3037554585151,-26.0
0.01,-543.463755458515,-26.0
0.01,-543.623755458515,-26.0
0.01,-543.7837554585151,-26.0
0.01,-543.943755458515,-26.0
0.01,-544.103755458515,-26.0
0.01,-544.2637554585151,-26.0
0.01,-544.423755458515,-26.0
0.01,-544.583755458515,-26.0
0.01,-544.743755458515,-26.0
0.01,-544.903755458515,-26.0
0.01,-545.0637554585151,-26.0
0.01,-545.223755458515,-26.0
0.01,-545.383755458515,-26.0
0.01,-545.5437554585151,-26.0
0.01,-545.703755458515,-26.0
0.01,-545.863755458515,-26.0
0.01,-546.0237554585151,-26.0
0.01,-546.183755458515,-26.0
0.01,-546.343755458515,-26.0
0.01,-546.5037554585151,-26.0
0.01,-546.663755458515,-26.0
0.01,-546.823755458515,-26.0
0.01,-546.983755458515,-26.0
0.01,-547.143755458515,-26.0
0.01,-547.3037554585151,-26.0
0.01,-547.463755458515,-26.0
0.01,-547.623755458515,-26.0
0.01,-547.7837554585151,-26.0
0.01,-547.943755458515,-26.0
0.01,-548.103755458515,-26.0
0.01,-548.2637554585151,-26.0
0.01,-548.423755458515,-26.0
0.01,-548.583755458515,-26.0
0.01,-548.743755458515,-26.0
0.01,-548.903755458515,-26.0
0.01,-549.0637554585151,-26.0
0.01,-549.223755458515,-26.0
0.01,-549.383755458515,-26.0
0.01,-549.5437554585151,-26.0
0.01,-549.703755458515,-26.0
0.01,-549.863755458515,-26.0
0.01,-550.0237554585151,-26.0
0.01,-550.183755458515,-26.0
0.01,-550.343755458515,-26.0
0.01,-550.5037554585151,-26.0
0.01,-550.663755458515,-26.0
0.01,-550.823755458515,-26.0
0.01,-550.983755458515,-26.0
0.01,-551.143755458515,-26.0
0.01,-551.3037554585151,-26.0
0.01,-551.463755458515,-26.0
0.01,-551.623755458515,-26.0
0.01,-551.7837554585151,-26.0
0.01,-551.943755458515,-26.0
0.01,-552.103755458515,-26.0
0.01,-552.2637554585151,-26.0
0.01,-552.423755458515,-26.0
0.01,-552.583755458515,-26.0
0.01,-552.743755458515,-26.0
0.01,-552.903755458515,-26.0
0.01,-553.0637554585151,-26.0
0.01,-553.223755458515,-26.0
0.01,-553.383755458515,-26.0
0.01,-553.5437554585151,-26.0
0.01,-553.703755458515,-26.0
0.01,-553.863755458515,-26.0
0.01,-554.0237554585151,-26.0
0.01,-554.183755458515,-26.0
0.01,-554.343755458515,-26.0
0.01,-554.5037554585151,-26.0
0.01,-554.663755458515,-26.0
0.01,-554.823755458515,-26.0
0.01,-554.983755458515,-26.0
0.01,-555.143755458515,-26.0
0.01,-555.3037554585151,-26.0
0.01,-555.463755458515,-26.0
0.01,-555.623755458515,-26.0
0.01,-555.7837554585151,-26.0
0.01,-555.943755458515,-26.0
0.01,-556.103755458515,-26.0
0.01,-556.2637554585151,-26.0
0.01,-556.423755458515,-26.0
0.01,-556.583755458515,-26.0
0.01,-556.743755458515,-26.0
0.01,-556.903755458515,-26.0
0.01,-557.0637554585151,-26.0
0.01,-557.223755458515,-26.0
0.01,-557.383755458515,-26.0
0.01,-557.5437554585151,-26.0
0.01,-557.703755458515,-26.0
0.01,-557.863755458515,-26.0
0.01,-558.0237554585151,-26.0
0.01,-558.183755458515,-26.0
0.01,-558.343755458515,-26.0
0.01,-558.5037554585151,-26.0
0.01,-558.663755458515,-26.0
0.01,-558.823755458515,-26.0
0.01,-558.983755458515,-26.0
0.01,-559.143755458515,-26.0
0.01,-559.3037554585151,-26.0
0.01,-559.463755458515,-26.0
0.01,-559.623755458515,-26.0
0.01,-559.7837554585151,-26.0
0.01,-559.943755458515,-26.0
0.01,-560.103755458515,-26.0
0.01,-560.2637554585151,-26.0
0.01,-560.423755458515,-26.0
0.01,-560.583755458515,-26.0
0.01,-560.743755458515,-26.0
0.01,-560.903755458515,-26.0
0.01,-561.0637554585151,-26.0
0.01,-561.223755458515,-26.0
0.01,-561.383755458515,-26.0
0.01,-561.5437554585151,-26.0
0.01,-561.703755458515,-26.0
0.01,-561.863755458515,-26.0
0.01,-562.0237554585151,-26.0
0.01,-562.183755458515,-26.0
0.01,-562.343755458515,-26.0
0.01,-562.5037554585151,-26.0
0.01,-562.663755458515,-26.0
0.01,-562.823755458515,-26.0
0.01,-562.983755458515,-26.0
0.01,-563.143755458515,-26.0
0.01,-563.3037554585151,-26.0
0.01,-563.463755458515,-26.0
0.01,-563.623755458515,-26.0
0.01,-563.7837554585151,-26.0
0.01,-563.943755458515,-26.0
0.01,-564.103755458515,-26.0
0.01,-564.2637554585151,-26.0
0.01,-564.423755458515,-26.0
0.01,-564.583755458515,-26.0
0.01,-564.743755458515,-26.0
0.01,-564.903755458515,-26.0
0.01,-565.0637554585151,-26.0
0.01,-565.223755458515,-26.0
0.01,-565.383755458515,-26.0
0.01,-565.5437554585151,-26.0
0.01,-565.703755458515,-26.0
0.01,-565.863755458515,-26.0
0.01,-566.0237554585151,-26.0
0.01,-566.183755458515,-26.0
0.01,-566.343755458515,-26.0
0.01,-566.5037554585151,-26.0
0.01,-566.663755458515,-26.0
0.01,-566.823755458515,-26.0
0.01,-566.983755458515,-26.0
0.01,-567.143755458515,-26.0
0.01,-567.3037554585151,-26.0
0.01,-567.463755458515,-26.0
0.01,-567.623755458515,-26.0
0.01,-567.7837554585151,-26.0
0.01,-567.943755458515,-26.0
0.01,-568.103755458515,-26.0
0.01,-568.2637554585151,-26.0
0.01,-568.423755458515,-26.0
0.01,-568.583755458515,-26.0
0.01,-568.743755458515,-26.0
0.01,-568.903755458515,-26.0
0.01,-569.0637554585151,-26.0
0.01,-569.223755458515,-26.0
0.01,-569.383755458515,-26.0
0.01,-569.5437554585151,-26.0
0.01,-569.703755458515,-26.0
0.01,-569.863755458515,-26.0
0.01,-570.0237554585151,-26.0
0.01,-570.183755458515,-26.0
0.01,-570.343755458515,-26.0
0.01,-570.5037554585151,-26.0
0.01,-570.663755458515,-26.0
0.01,-570.823755458515,-26.0
0.01,-570.983755458515,-26.0
0.01,-571.143755458515,-26.0
0.01,-571.3037554585151,-26.0
0.01,-571.463755458515,-26.0
0.01,-571.623755458515,-26.0
0.01,-571.7837554585151,-26.0
0.01,-571.943755458515,-26.0
0.01,-572.103755458515,-26.0
0.01,-572.2637554585151,-26.0
0.01,-572.423755458515,-26.0
0.01,-572.583755458515,-26.0
0.01,-572.743755458515,-26.0
0.01,-572.903755458515,-26.0
0.01,-573.0637554585151,-26.0
0.01,-573.223755458515,-26.0
0.01,-573.383755458515,-26.0
0.01,-573.5437554585151,-26.0
0.01,-573.703755458515,-26.0
0.01,-573.863755458515,-26.0
0.01,-574.0237554585151,-26.0
0.01,-574.183755458515,-26.0
0.01,-574.343755458515,-26.0
0.01,-574.5037554585151,-26.0
0.01,-574.663755458515,-26.0
0.01,-574.823755458515,-26.0
0.01,-574.983755458515,-26.0
0.01,-575.143755458515,-26.0
0.01,-575.3037554585151,-26.0
0.01,-575.463755458515,-26.0
0.01,-575.623755458515,-26.0
0.01,-575.7837554585151,-26.0
0.01,-575.943755458515,-26.0
0.01,-576.103755458515,-26.0
0.01,-576.2637554585151,-26.0
0.01,-576.423755458515,-26.0
0.01,-576.583755458515,-26.0
0.01,-576.743755458515,-26.0
0.01,-576.903755458515,-26.0
0.01,-577.0637554585151,-26.0
0.01,-577.223755458515,-26.0
0.01,-577.383755458515,-26.0
0.01,-577.5437554585151,-26.0
0.01,-577.703755458515,-26.0
0.01,-577.863755458515,-26.0
0.01,-578.0237554585151,-26.0
0.01,-578.183755458515,-26.0
0.01,-578.343755458515,-26.0
0.01,-578.5037554585151,-26.0
0.01,-578.663755458515,-26.0
0.01,-578.823755458515,-26.0
0.01,-578.983755458515,-26.0
0.01,-579.143755458515,-26.0
0.01,-579.3037554585151,-26.0
0.01,-579.463755458515,-26.0
0.01,-579.623755458515,-26.0
0.01,-579.7837554585151,-26.0
0.01,-579.943755458515,-26.0
0.01,-580.103755458515,-26.0
0.01,-580.2637554585151,-26.0
0.01,-580.423755458515,-26.0
0.01,-580.583755458515,-26.0
0.01,-580.743755458515,-26.0
0.01,-580.903755458515,-26.0
0.01,-581.0637554585151,-26.0
0.01,-581.223755458515,-26.0
0.01,-581.383755458515,-26.0
0.01,-581.5437554585151,-26.0
0.01,-581.703755458515,-26.0
0.01,-581.863755458515,-26.0
0.01,-582.0237554585151,-26.0
0.01,-582.183755458515,-26.0
0.01,-582.343755458515,-26.0
0.01,-582.5037554585151,-26.0
0.01,-582.663755458515,-26.0
0.01,-582.823755458515,-26.0
0.01,-582.983755458515,-26.0
0.01,-583.143755458515,-26.0
0.01,-583.3037554585151,-26.0
0.01,-583.463755458515,-26.0
0.01,-583.623755458515,-26.0
0.01,-583.7837554585151,-26.0
0.01,-583.943755458515,-26.0
0.01,-584.103755458515,-26.0
0.01,-584.2637554585151,-26.0
0.01,-584.423755458515,-26.0
0.01,-584.583755458515,-26.0
0.01,-584.743755458515,-26.0
0.01,-584.903755458515,-26.0
0.01,-585.0637554585151,-26.0
0.01,-585.223755458515,-26.0
0.01,-585.383755458515,-26.0
0.01,-585.5437554585151,-26.0
0.01,-585.703755458515,-26.0
0.01,-585.863755458515,-26.0
0.01,-586.0237554585151,-26.0
0.01,-586.183755458515,-26.0
0.01,-586.343755458515,-26.0
0.01,-586.5037554585151,-26.0
0.01,-586.663755458515,-26.0
0.01,-586.823755458515,-26.0
0.01,-586.983755458515,-26.0
0.01,-587.143755458515,-26.0
0.01,-587.3037554585151,-26.0
0.01,-587.463755458515,-26.0
0.01,-587.623755458515,-26.0
0.01,-587.7837554585151,-26.0
0.01,-587.943755458515,-26.0
0.01,-588.103755458515,-26.0
0.01,-588.2637554585151,-26.0
0.01,-588.423755458515,-26.0
0.01,-588.583755458515,-26.0
0.01,-588.743755458515,-26.0
0.01,-588.903755458515,-26.0
0.01,-589.0637554585151,-26.0
0.01,-589.223755458515,-26.0
0.01,-589.383755458515,-26.0
0.01,-589.5437554585151,-26.0
0.01,-589.703755458515,-26.0
0.01,-589.863755458515,-26.0
0.01,-590.0237554585151,-26.0
0.01,-590.183755458515,-26.0
0.01,-590.343755458515,-26.0
0.01,-590.5037554585151,-26.0
0.01,-590.663755458515,-26.0
0.01,-590.823755458515,-26.0
0.01,-590.983755458515,-26.0
0.01,-591.143755458515,-26.0
0.01,-591.3037554585151,-26.0
0.01,-591.463755458515,-26.0
0.01,-591.623755458515,-26.0
0.01,-591.7837554585151,-26.0
0.01,-591.943755458515,-26.0
0.01,-592.103755458515,-26.0
0.01,-592.2637554585151,-26.0
0.01,-592.423755458515,-26.0
0.01,-592.583755458515,-26.0
0.01,-592.743755458515,-26.0
0.01,-592.903755458515,-26.0
0.01,-593.0637554585151,-26.0
0.01,-593.223755458515,-26.0
0.01,-593.383755458515,-26.0
0.01,-593.5437554585151,-26.0
0.01,-593.703755458515,-26.0
0.01,-593.863755458515,-26.0
0.01,-594.0237554585151,-26.0
0.01,-594.183755458515,-26.0
0.01,-594.343755458515,-26.0
0.01,-594.5037554585151,-26.0
0.01,-594.663755458515,-26.0
0.01,-594.823755458515,-26.0
0.01,-594.983755458515,-26.0
0.01,-595.143755458515,-26.0
0.01,-595.3037554585151,-26.0
0.01,-595.463755458515,-26.0
0.01,-595.623755458515,-26.0
0.01,-595.7837554585151,-26.0
0.01,-595.943755458515,-26.0
0.01,-596.103755458515,-26.0
0.01,-596.2637554585151,-26.0
0.01,-596.423755458515,-26.0
0.01,-596.583755458515,-26.0
0.01,-596.743755458515,-26.0
0.01,-596.903755458515,-26.0
0.01,-597.0637554585151,-26.0
0.01,-597.223755458515,-26.0
0.01,-597.383755458515,-26.0
0.01,-597.5437554585151,-26.0
0.01,-597.703755458515,-26.0
0.01,-597.863755458515,-26.0
0.01,-598.0237554585151,-26.0
0.01,-598.183755458515,-26.0
0.01,-598.343755458515,-26.0
0.01,-598.5037554585151,-26.0
0.01,-598.663755458515,-26.0
0.01,-598.823755458515,-26.0
0.01,-598.983755458515,-26.0
0.01,-599.143755458515,-26.0
0.01,-599.3037554585151,-26.0
0.01,-599.463755458515,-26.0
0.01,-599.623755458515,-26.0
0.01,-599.7837554585151,-26.0
0.01,-599.943755458515,-26.0
0.01,-600.103755458515,-26.0
0.01,-600.2637554585151,-26.0
0.01,-600.423755458515,-26.0
0.01,-600.583755458515,-26.0
0.01,-600.743755458515,-26.0
0.01,-600.903755458515,-26.0
0.01,-601.0637554585151,-26.0
0.01,-601.223755458515,-26.0
0.01,-601.383755458515,-26.0
0.01,-601.5437554585151,-26.0
0.01,-601.703755458515,-26.0
0.01,-601.863755458515,-26.0
0.01,-602.0237554585151,-26.0
0.01,-602.183755458515,-26.0
0.01,-602.343755458515,-26.0
0.01,-602.5037554585151,-26.0
0.01,-602.663755458515,-26.0
0.01,-602.823755458515,-26.0
0.01,-602.983755458515,-26.0
0.01,-603.143755458515,-26.0
0.01,-603.3037554585151,-26.0
0.01,-603.463755458515,-26.0
0.01,-603.623755458515,-26.0
0.01,-603.7837554585151,-26.0
0.01,-603.943755458515,-26.0
0.01,-604.103755458515,-26.0
0.01,-604.2637554585151,-26.0
0.01,-604.423755458515,-26.0
0.01,-604.583755458515,-26.0
0.01,-604.743755458515,-26.0
0.01,-604.903755458515,-26.0
0.01,-605.0637554585151,-26.0
0.01,-605.223755458515,-26.0
0.01,-605.383755458515,-26.0
0.01,-605.5437554585151,-26.0
0.01,-605.703755458515,-26.0
0.01,-605.863755458515,-26.0
0.01,-606.0237554585151,-26.0
0.01,-606.183755458515,-26.0
0.01,-606.343755458515,-26.0
0.01,-606.5037554585151,-26.0
0.01,-606.663755458515,-26.0
0.01,-606.823755458515,-26.0
0.01,-606.983755458515,-26.0
0.01,-607.143755458515,-26.0
0.01,-607.3037554585151,-26.0
0.01,-607.463755458515,-26.0
0.01,-607.623755458515,-26.0
0.01,-607.7837554585151,-26.0
0.01,-607.943755458515,-26.0
0.01,-608.103755458515,-26.0
0.01,-608.2637554585151,-26.0
0.01,-608.423755458515,-26.0
0.01,-608.583755458515,-26.0
0.01,-608.743755458515,-26.0
0.01,-608.903755458515,-26.0
0.01,-609.0637554585151,-26.0
0.01,-609.223755458515,-26.0
0.01,-609.383755458515,-26.0
0.01,-609.5437554585151,-26.0
0.01,-609.703755458515,-26.0
0.01,-609.863755458515,-26.0
0.01,-610.0237554585151,-26.0
0.01,-610.183755458515,-26.0
0.01,-610.343755458515,-26.0
0.01,-610.5037554585151,-26.0
0.01,-610.663755458515,-26.0
0.01,-610.823755458515,-26.0
0.01,-610.983755458515,-26.0
0.01,-611.143755458515,-26.0
0.01,-611.3037554585151,-26.0
0.01,-611.463755458515,-26.0
0.01,-611.623755458515,-26.0
0.01,-611.7837554585151,-26.0
0.01,-611.943755458515,-26.0
0.01,-612.103755458515,-26.0
0.01,-612.2637554585151,-26.0
0.01,-612.423755458515,-26.0
0.01,-612.583755458515,-26.0
0.01,-612.743755458515,-26.0
0.01,-612.903755458515,-26.0
0.01,-613.0637554585151,-26.0
0.01,-613.223755458515,-26.0
0.01,-613.383755458515,-26.0
0.01,-613.5437554585151,-26.0
0.01,-613.703755458515,-26.0
0.01,-613.863755458515,-26.0
0.01,-614.0237554585151,-26.0
0.01,-614.183755458515,-26.0
0.01,-614.343755458515,-26.0
0.01,-614.5037554585151,-26.0
0.01,-614.663755458515,-26.0
0.01,-614.823755458515,-26.0
0.01,-614.983755458515,-26.0
0.01,-615.143755458515,-26.0
0.01,-615.3037554585151,-26.0
0.01,-615.463755458515,-26.0
0.01,-615.623755458515,-26.0
0.01,-615.7837554585151,-26.0
0.01,-615.943755458515,-26.0
0.01,-616.103755458515,-26.0
0.01,-616.2637554585151,-26.0
0.01,-616.423755458515,-26.0
0.01,-616.583755458515,-26.0
0.01,-616.743755458515,-26.0
0.01,-616.903755458515,-26.0
0.01,-617.0637554585151,-26.0
0.01,-617.223755458515,-26.0
0.01,-617.383755458515,-26.0
0.01,-617.5437554585151,-26.0
0.01,-617.703755458515,-26.0
0.01,-617.863755458515,-26.0
0.01,-618.0237554585151,-26.0
0.01,-618.183755458515,-26.0
0.01,-618.343755458515,-26.0
0.01,-618.5037554585151,-26.0
0.01,-618.663755458515,-26.0
0.01,-618.823755458515,-26.0
0.01,-618.983755458515,-26.0
0.01,-619.143755458515,-26.0
0.01,-619.3037554585151,-26.0
0.01,-619.463755458515,-26.0
0.01,-619.623755458515,-26.0
0.01,-619.7837554585151,-26.0
0.01,-619.943755458515,-26.0
0.01,-620.103755458515,-26.0
0.01,-620.2637554585151,-26.0
0.01,-620.423755458515,-26.0
0.01,-620.583755458515,-26.0
0.01,-620.743755458515,-26.0
0.01,-620.903755458515,-26.0
0.01,-621.0637554585151,-26.0
0.01,-621.223755458515,-26.0
0.01,-621.383755458515,-26.0
0.01,-621.5437554585151,-26.0
0.01,-621.703755458515,-26.0
0.01,-621.863755458515,-26.0
0.01,-622.0237554585151,-26.0
0.01,-622.183755458515,-26.0
0.01,-622.343755458515,-26.0
0.01,-622.5037554585151,-26.0
0.01,-622.663755458515,-26.0
0.01,-622.823755458515,-26.0
0.01,-622.983755458515,-26.0
0.01,-623.143755458515,-26.0
0.01,-623.3037554585151,-26.0
0.01,-623.463755458515,-26.0
0.01,-623.623755458515,-26.0
0.01,-623.7837554585151,-26.0
0.01,-623.943755458515,-26.0
0.01,-624.103755458515,-26.0
0.01,-624.2637554585151,-26.0
0.01,-624.423755458515,-26.0
0.01,-624.583755458515,-26.0
0.01,-624.743755458515,-26.0
0.01,-624.903755458515,-26.0
0.01,-625.0637554585151,-26.0
0.01,-625.223755458515,-26.0
0.01,-625.383755458515,-26.0
0.01,-625.5437554585151,-26.0
0.01,-625.703755458515,-26.0
0.01,-625.863755458515,-26.0
0.01,-626.0237554585151,-26.0
0.01,-626.183755458515,-26.0
0.01,-626.343755458515,-26.0
0.01,-626.5037554585151,-26.0
0.01,-626.663755458515,-26.0
0.01,-626.823755458515,-26.0
0.01,-626.983755458515,-26.0
0.01,-627.143755458515,-26.0
0.01,-627.3037554585151,-26.0
0.01,-627.463755458515,-26.0
0.01,-627.623755458515,-26.0
0.01,-627.7837554585151,-26.0
0.01,-627.943755458515,-26.0
0.01,-628.103755458515,-26.0
0.01,-628.2637554585151,-26.0
0.01,-628.423755458515,-26.0
0.01,-628.583755458515,-26.0
0.01,-628.743755458515,-26.0
0.01,-628.903755458515,-26.0
0.01,-629.0637554585151,-26.0
0.01,-629.223755458515,-26.0
0.01,-629.383755458515,-26.0
0.01,-629.5437554585151,-26.0
0.01,-629.703755458515,-26.0
0.01,-629.863755458515,-26.0
0.01,-630.0237554585151,-26.0
0.01,-630.183755458515,-26.0
0.01,-630.343755458515,-26.0
0.01,-630.5037554585151,-26.0
0.01,-630.663755458515,-26.0
0.01,-630.823755458515,-26.0
0.01,-630.983755458515,-26.0
0.01,-631.143755458515,-26.0
0.01,-631.3037554585151,-26.0
0.01,-631.463755458515,-26.0
0.01,-631.623755458515,-26.0
0.01,-631.7837554585151,-26.0
0.01,-631.943755458515,-26.0
0.01,-632.103755458515,-26.0
0.01,-632.2637554585151,-26.0
0.01,-632.423755458515,-26.0
0.01,-632.583755458515,-26.0
0.01,-632.743755458515,-26.0
0.01,-632.903755458515,-26.0
0.01,-633.0637554585151,-26.0
0.01,-633.223755458515,-26.0
0.01,-633.383755458515,-26.0
0.01,-633.5437554585151,-26.0
0.01,-633.703755458515,-26.0
0.01,-633.863755458515,-26.0
0.01,-634.0237554585151,-26.0
0.01,-634.183755458515,-26.0
0.01,-634.343755458515,-26.0
0.01,-634.5037554585151,-26.0
0.01,-634.663755458515,-26.0
0.01,-634.823755458515,-26.0
0.01,-634.983755458515,-26.0
0.01,-635.143755458515,-26.0
0.01,-635.3037554585151,-26.0
0.01,-635.463755458515,-26.0
0.01,-635.623755458515,-26.0
0.01,-635.7837554585151,-26.0
0.01,-635.943755458515,-26.0
0.01,-636.103755458515,-26.0
0.01,-636.2637554585151,-26.0
0.01,-636.423755458515,-26.0
0.01,-636.583755458515,-26.0
0.01,-636.743755458515,-26.0
0.01,-636.903755458515,-26.0
0.01,-637.0637554585151,-26.0
0.01,-637.223755458515,-26.0
0.01,-637.383755458515,-26.0
0.01,-637.5437554585151,-26.0
0.01,-637.703755458515,-26.0
0.01,-637.863755458515,-26.0
0.01,-638.0237554585151,-26.0
0.01,-638.183755458515,-26.0
0.01,-638.343755458515,-26.0
0.01,-638.5037554585151,-26.0
0.01,-638.663755458515,-26.0
0.01,-638.823755458515,-26.0
0.01,-638.983755458515,-26.0
0.01,-639.143755458515,-26.0
0.01,-639.3037554585151,-26.0
0.01,-639.463755458515,-26.0
0.01,-639.623755458515,-26.0
0.01,-639.7837554585151,-26.0
0.01,-639.943755458515,-26.0
0.01,-640.103755458515,-26.0
0.01,-640.2637554585151,-26.0
0.01,-640.423755458515,-26.0
0.01,-640.583755458515,-26.0
0.01,-640.743755458515,-26.0
0.01,-640.903755458515,-26.0
0.01,-641.0637554585151,-26.0
0.01,-641.223755458515,-26.0
0.01,-641.383755458515,-26.0
0.01,-641.5437554585151,-26.0
0.01,-641.703755458515,-26.0
0.01,-641.863755458515,-26.0
0.01,-642.0237554585151,-26.0
0.01,-642.183755458515,-26.0
0.01,-642.343755458515,-26.0
0.01,-642.5037554585151,-26.0
0.01,-642.663755458515,-26.0
0.01,-642.823755458515,-26.0
0.01,-642.983755458515,-26.0
0.01,-643.143755458515,-26.0
0.01,-643.3037554585151,-26.0
0.01,-643.463755458515,-26.0
0.01,-643.623755458515,-26.0
0.01,-643.7837554585151,-26.0
0.01,-643.943755458515,-26.0
0.01,-644.103755458515,-26.0
0.01,-644.2637554585151,-26.0
0.01,-644.423755458515,-26.0
0.01,-644.583755458515,-26.0
0.01,-644.743755458515,-26.0
0.01,-644.903755458515,-26.0
0.01,-645.0637554585151,-26.0
0.01,-645.223755458515,-26.0
0.01,-645.383755458515,-26.0
0.01,-645.5437554585151,-26.0
0.01,-645.703755458515,-26.0
0.01,-645.863755458515,-26.0
0.01,-646.0237554585151,-26.0
0.01,-646.183755458515,-26.0
0.01,-646.343755458515,-26.0
0.01,-646.5037554585151,-26.0
0.01,-646.663755458515,-26.0
0.01,-646.823755458515,-26.0
0.01,-646.983755458515,-26.0
0.01,-647.143755458515,-26.0
0.01,-647.3037554585151,-26.0
0.01,-647.463755458515,-26.0
0.01,-647.623755458515,-26.0
0.01,-647.7837554585151,-26.0
0.01,-647.943755458515,-26.0
0.01,-648.103755458515,-26.0
0.01,-648.2637554585151,-26.0
0.01,-648.423755458515,-26.0
0.01,-648.583755458515,-26.0
0.01,-648.743755458515,-26.0
0.01,-648.903755458515,-26.0
0.01,-649.0637554585151,-26.0
0.01,-649.223755458515,-26.0
0.01,-649.383755458515,-26.0
0.01,-649.5437554585151,-26.0
0.01,-649.703755458515,-26.0
0.01,-649.863755458515,-26.0
0.01,-650.0237554585151,-26.0
0.01,-650.183755458515,-26.0
0.01,-650.343755458515,-26.0
0.01,-650.5037554585151,-26.0
0.01,-650.663755458515,-26.0
0.01,-650.823755458515,-26.0
0.01,-650.983755458515,-26.0
0.01,-651.143755458515,-26.0
0.01,-651.3037554585151,-26.0
0.01,-651.463755458515,-26.0
0.01,-651.623755458515,-26.0
0.01,-651.7837554585151,-26.0
0.01,-651.943755458515,-26.0
0.01,-652.103755458515,-26.0
0.01,-652.2637554585151,-26.0
0.01,-652.423755458515,-26.0
0.01,-652.583755458515,-26.0
0.01,-652.743755458515,-26.0
0.01,-652.903755458515,-26.0
0.01,-653.0637554585151,-26.0
0.01,-653.223755458515,-26.0
0.01,-653.383755458515,-26.0
0.01,-653.5437554585151,-26.0
0.01,-653.703755458515,-26.0
0.01,-653.863755458515,-26.0
0.01,-654.0237554585151,-26.0
0.01,-654.183755458515,-26.0
0.01,-654.343755458515,-26.0
0.01,-654.5037554585151,-26.0
0.01,-654.663755458515,-26.0
0.01,-654.823755458515,-26.0
0.01,-654.983755458515,-26.0
0.01,-655.143755458515,-26.0
0.01,-655.3037554585151,-26.0
0.01,-655.463755458515,-26.0
0.01,-655.623755458515,-26.0
0.01,-655.7837554585151,-26.0
0.01,-655.943755458515,-26.0
0.01,-656.103755458515,-26.0
0.01,-656.2637554585151,-26.0
0.01,-656.423755458515,-26.0
0.01,-656.583755458515,-26.0
0.01,-656.743755458515,-26.0
0.01,-656.903755458515,-26.0
0.01,-657.0637554585151,-26.0
0.01,-657.223755458515,-26.0
0.01,-657.383755458515,-26.0
0.01,-657.5437554585151,-26.0
0.01,-657.703755458515,-26.0
0.01,-657.863755458515,-26.0
0.01,-658.0237554585151,-26.0
0.01,-658.183755458515,-26.0
0.01,-658.343755458515,-26.0
0.01,-658.5037554585151,-26.0
0.01,-658.663755458515,-26.0
0.01,-658.823755458515,-26.0
0.01,-658.983755458515,-26.0
0.01,-659.143755458515,-26.0
0.01,-659.3037554585151,-26.0
0.01,-659.463755458515,-26.0
0.01,-659.623755458515,-26.0
0.01,-659.7837554585151,-26.0
0.01,-659.943755458515,-26.0
0.01,-660.103755458515,-26.0
0.01,-660.2637554585151,-26.0
0.01,-660.423755458515,-26.0
0.01,-660.583755458515,-26.0
0.01,-660.743755458515,-26.0
0.01,-660.903755458515,-26.0
0.01,-661.0637554585151,-26.0
0.01,-661.223755458515,-26.0
0.01,-661.383755458515,-26.0
0.01,-661.5437554585151,-26.0
0.01,-661.703755458515,-26.0
0.01,-661.863755458515,-26.0
0.01,-662.0237554585151,-26.0
0.01,-662.183755458515,-26.0
0.01,-662.343755458515,-26.0
0.01,-662.5037554585151,-26.0
0.01,-662.663755458515,-26.0
0.01,-662.823755458515,-26.0
0.01,-662.983755458515,-26.0
0.01,-663.143755458515,-26.0
0.01,-663.3037554585151,-26.0
0.01,-663.463755458515,-26.0
0.01,-663.623755458515,-26.0
0.01,-663.7837554585151,-26.0
0.01,-663.943755458515,-26.0
0.01,-664.103755458515,-26.0
0.01,-664.2637554585151,-26.0
0.01,-664.423755458515,-26.0
0.01,-664.583755458515,-26.0
0.01,-664.743755458515,-26.0
0.01,-664.903755458515,-26.0
0.01,-665.0637554585151,-26.0
0.01,-665.223755458515,-26.0
0.01,-665.383755458515,-26.0
0.01,-665.5437554585151,-26.0
0.01,-665.703755458515,-26.0
0.01,-665.863755458515,-26.0
0.01,-666.0237554585151,-26.0
0.01,-666.183755458515,-26.0
0.01,-666.343755458515,-26.0
0.01,-666.5037554585151,-26.0
0.01,-666.663755458515,-26.0
0.01,-666.823755458515,-26.0
0.01,-666.983755458515,-26.0
0.01,-667.143755458515,-26.0
0.01,-667.3037554585151,-26.0
0.01,-667.463755458515,-26.0
0.01,-667.623755458515,-26.0
0.01,-667.7837554585151,-26.0
0.01,-667.943755458515,-26.0
0.01,-668.103755458515,-26.0
0.01,-668.2637554585151,-26.0
0.01,-668.423755458515,-26.0
0.01,-668.583755458515,-26.0
0.01,-668.743755458515,-26.0
0.01,-668.903755458515,-26.0
0.01,-669.0637554585151,-26.0
0.01,-669.223755458515,-26.0
0.01,-669.383755458515,-26.0
0.01,-669.5437554585151,-26.0
0.01,-669.703755458515,-26.0
0.01,-669.863755458515,-26.0
0.01,-670.0237554585151,-26.0
0.01,-670.183755458515,-26.0
0.01,-670.343755458515,-26.0
0.01,-670.5037554585151,-26.0
0.01,-670.663755458515,-26.0
0.01,-670.823755458515,-26.0
0.01,-670.983755458515,-26.0
0.01,-671.143755458515,-26.0
0.01,-671.3037554585151,-26.0
0.01,-671.463755458515,-26.0
0.01,-671.623755458515,-26.0
0.01,-671.7837554585151,-26.0
0.01,-671.943755458515,-26.0
0.01,-672.103755458515,-26.0
0.01,-672.2637554585151,-26.0
0.01,-672.423755458515,-26.0
0.01,-672.583755458515,-26.0
0.01,-672.743755458515,-26.0
0.01,-672.903755458515,-26.0
0.01,-673.0637554585151,-26.0
0.01,-673.223755458515,-26.0
0.01,-673.383755458515,-26.0
0.01,-673.5437554585151,-26.0
0.01,-673.703755458515,-26.0
0.01,-673.863755458515,-26.0
0.01,-674.0237554585151,-26.0
0.01,-674.183755458515,-26.0
0.01,-674.343755458515,-26.0
0.01,-674.5037554585151,-26.0
0.01,-674.663755458515,-26.0
0.01,-674.823755458515,-26.0
0.01,-674.983755458515,-26.0
0.01,-675.143755458515,-26.0
0.01,-675.3037554585151,-26.0
0.01,-675.463755458515,-26.0
0.01,-675.623755458515,-26.0
0.01,-675.7837554585151,-26.0
0.01,-675.943755458515,-26.0
0.01,-676.103755458515,-26.0
0.01,-676.2637554585151,-26.0
0.01,-676.423755458515,-26.0
0.01,-676.583755458515,-26.0
0.01,-676.743755458515,-26.0
0.01,-676.903755458515,-26.0
0.01,-677.0637554585151,-26.0
0.01,-677.223755458515,-26.0
0.01,-677.383755458515,-26.0
0.01,-677.5437554585151,-26.0
0.01,-677.703755458515,-26.0
0.01,-677.863755458515,-26.0
0.01,-678.0237554585151,-26.0
0.01,-678.183755458515,-26.0
0.01,-678.343755458515,-26.0
0.01,-678.5037554585151,-26.0
0.01,-678.663755458515,-26.0
0.01,-678.823755458515,-26.0
0.01,-678.983755458515,-26.0
0.01,-679.143755458515,-26.0
0.01,-679.3037554585151,-26.0
0.01,-679.463755458515,-26.0
0.01,-679.623755458515,-26.0
0.01,-679.7837554585151,-26.0
0.01,-679.943755458515,-26.0
0.01,-680.103755458515,-26.0
0.01,-680.2637554585151,-26.0
0.01,-680.423755458515,-26.0
0.01,-680.583755458515,-26.0
0.01,-680.743755458515,-26.0
0.01,-680.903755458515,-26.0
0.01,-681.0637554585151,-26.0
0.01,-681.223755458515,-26.0
0.01,-681.383755458515,-26.0
0.01,-681.5437554585151,-26.0
0.01,-681.703755458515,-26.0
0.01,-681.863755458515,-26.0
0.01,-682.0237554585151,-26.0
0.01,-682.183755458515,-26.0
0.01,-682.343755458515,-26.0
0.01,-682.5037554585151,-26.0
0.01,-682.663755458515,-26.0
0.01,-682.823755458515,-26.0
0.01,-682.983755458515,-26.0
0.01,-683.143755458515,-26.0
0.01,-683.3037554585151,-26.0
0.01,-683.463755458515,-26.0
0.01,-683.623755458515,-26.0
0.01,-683.7837554585151,-26.0
0.01,-683.943755458515,-26.0
0.01,-684.103755458515,-26.0
0.01,-684.2637554585151,-26.0
0.01,-684.423755458515,-26.0
0.01,-684.583755458515,-26.0
0.01,-684.743755458515,-26.0
0.01,-684.903755458515,-26.0
0.01,-685.0637554585151,-26.0
0.01,-685.223755458515,-26.0
0.01,-685.383755458515,-26.0
0.01,-685.5437554585151,-26.0
0.01,-685.703755458515,-26.0
0.01,-685.863755458515,-26.0
0.01,-686.0237554585151,-26.0
0.01,-686.183755458515,-26.0
0.01,-686.343755458515,-26.0
0.01,-686.5037554585151,-26.0
0.01,-686.663755458515,-26.0
0.01,-686.823755458515,-26.0
0.01,-686.983755458515,-26.0
0.01,-687.143755458515,-26.0
0.01,-687.3037554585151,-26.0
0.01,-687.463755458515,-26.0
0.01,-687.623755458515,-26.0
0.01,-687.7837554585151,-26.0
0.01,-687.943755458515,-26.0
0.01,-688.103755458515,-26.0
0.01,-688.2637554585151,-26.0
0.01,-688.423755458515,-26.0
0.01,-688.583755458515,-26.0
0.01,-688.743755458515,-26.0
0.01,-688.903755458515,-26.0
0.01,-689.0637554585151,-26.0
0.01,-689.223755458515,-26.0
0.01,-689.383755458515,-26.0
0.01,-689.5437554585151,-26.0
0.01,-689.703755458515,-26.0
0.01,-689.863755458515,-26.0
0.01,-690.0237554585151,-26.0
0.01,-690.1837554585151,-26.0
0.01,-690.343755458515,-26.0
0.01,-690.5037554585151,-26.0
0.01,-690.663755458515,-26.0
0.01,-690.823755458515,-26.0
0.01,-690.983755458515,-26.0
0.01,-691.143755458515,-26.0
0.01,-691.3037554585151,-26.0
0.01,-691.463755458515,-26.0
0.01,-691.623755458515,-26.0
0.01,-691.7837554585151,-26.0
0.01,-691.943755458515,-26.0
0.01,-692.103755458515,-26.0
0.01,-692.2637554585151,-26.0
0.01,-692.423755458515,-26.0
0.01,-692.583755458515,-26.0
0.01,-692.743755458515,-26.0
0.01,-692.903755458515,-26.0
0.01,-693.0637554585151,-26.0
0.01,-693.223755458515,-26.0
0.01,-693.383755458515,-26.0
0.01,-693.5437554585151,-26.0
0.01,-693.703755458515,-26.0
0.01,-693.863755458515,-26.0
0.01,-694.0237554585151,-26.0
0.01,-694.1837554585151,-26.0
0.01,-694.343755458515,-26.0
0.01,-694.5037554585151,-26.0
0.01,-694.663755458515,-26.0
0.01,-694.823755458515,-26.0
0.01,-694.983755458515,-26.0
0.01,-695.143755458515,-26.0
0.01,-695.3037554585151,-26.0
0.01,-695.463755458515,-26.0
0.01,-695.623755458515,-26.0
0.01,-695.7837554585151,-26.0
0.01,-695.943755458515,-26.0
0.01,-696.103755458515,-26.0
0.01,-696.2637554585151,-26.0
0.01,-696.423755458515,-26.0
0.01,-696.583755458515,-26.0
0.01,-696.743755458515,-26.0
0.01,-696.903755458515,-26.0
0.01,-697.0637554585151,-26.0
0.01,-697.223755458515,-26.0
0.01,-697.383755458515,-26.0
0.01,-697.5437554585151,-26.0
0.01,-697.703755458515,-26.0
0.01,-697.863755458515,-26.0
0.01,-698.0237554585151,-26.0
0.01,-698.1837554585151,-26.0
0.01,-698.343755458515,-26.0
0.01,-698.5037554585151,-26.0
0.01,-698.663755458515,-26.0
0.01,-698.823755458515,-26.0
0.01,-698.983755458515,-26.0
0.01,-699.143755458515,-26.0
0.01,-699.3037554585151,-26.0
0.01,-699.463755458515,-26.0
0.01,-699.623755458515,-26.0
0.01,-699.7837554585151,-26.0
0.01,-699.943755458515,-26.0
0.01,-700.103755458515,-26.0
0.01,-700.2637554585151,-26.0
0.01,-700.423755458515,-26.0
0.01,-700.583755458515,-26.0
0.01,-700.743755458515,-26.0
0.01,-700.903755458515,-26.0
0.01,-701.0637554585151,-26.0
0.01,-701.223755458515,-26.0
0.01,-701.383755458515,-26.0
0.01,-701.5437554585151,-26.0
0.01,-701.703755458515,-26.0
0.01,-701.863755458515,-26.0
0.01,-702.0237554585151,-26.0
0.01,-702.1837554585151,-26.0
0.01,-702.343755458515,-26.0
0.01,-702.5037554585151,-26.0
0.01,-702.663755458515,-26.0
0.01,-702.823755458515,-26.0
0.01,-702.983755458515,-26.0
0.01,-703.143755458515,-26.0
0.01,-703.3037554585151,-26.0
0.01,-703.463755458515,-26.0
0.01,-703.623755458515,-26.0
0.01,-703.7837554585151,-26.0
0.01,-703.943755458515,-26.0
0.01,-704.103755458515,-26.0
0.01,-704.2637554585151,-26.0
0.01,-704.423755458515,-26.0
0.01,-704.583755458515,-26.0
0.01,-704.743755458515,-26.0
0.01,-704.903755458515,-26.0
0.01,-705.0637554585151,-26.0
0.01,-705.223755458515,-26.0
0.01,-705.383755458515,-26.0
0.01,-705.5437554585151,-26.0
0.01,-705.703755458515,-26.0
0.01,-705.863755458515,-26.0
0.01,-706.0237554585151,-26.0
0.01,-706.1837554585151,-26.0
0.01,-706.343755458515,-26.0
0.01,-706.5037554585151,-26.0
0.01,-706.663755458515,-26.0
0.01,-912.2707423580789,0.0
