0.01,563.587786259542,0.0
0.01,563.587786259542,-0.0
0.01,563.5877859963872,-0.00010525500162540431
0.01,563.5877820507268,-0.0008415415127988855
0.01,563.587764966429,-0.0028374006499913723
0.01,563.587719024745,-0.006716402571962638
0.01,563.5876223063442,-0.013094685533227268
0.01,563.5874467778193,-0.02257852426785046
0.01,563.5871584023215,-0.03576193730005357
0.01,563.5867172738884,-0.05322434262448016
0.01,563.5860777749348,-0.07552827100808189
0.01,563.585188756284,-0.10321714593817748
0.01,563.5839937390308,-0.13681313897821468
0.01,563.5824311374374,-0.17681510899516648
0.01,563.5804345019848,-0.2236966333914911
0.01,563.5779327816178,-0.2779041391114807
0.01,563.5748506041522,-0.3398551407980644
0.01,563.5711085737331,-0.4099365930532601
0.01,563.5666235841752,-0.4885033633051386
0.01,563.5613091469443,-0.5758768313082122
0.01,563.555075732488,-0.6723436208043666
0.01,563.5478311235687,-0.7781544683498977
0.01,563.5394807792017,-0.8935232337728737
0.01,563.5299282077663,-1.0186260561660996
0.01,563.5190753478136,-1.1536006587465846
0.01,563.5068229550704,-1.298545805324927
0.01,563.4930709941113,-1.4535209105296745
0.01,563.4777190331522,-1.6185458053249275
0.01,563.4606666404092,-1.7936006587465851
0.01,563.4418137804564,-1.9786260561661004
0.01,563.421061209021,-2.1735232337728734
0.01,563.398310864654,-2.3781544683498974
0.01,563.3734662557346,-2.592343620804367
0.01,563.3464328412784,-2.8158768313082128
0.01,563.3171184040475,-3.0485033633051395
0.01,563.2854334144895,-3.2899365930532616
0.01,563.2512913840704,-3.5398551407980645
0.01,563.2146092066048,-3.7979041391114805
0.01,563.1753074862379,-4.063696633391492
0.01,563.1333108507852,-4.336815108995166
0.01,563.088548249192,-4.616813138978214
0.01,563.0409532319387,-4.903217145938177
0.01,562.990464213288,-5.195528271008082
0.01,562.9370247143343,-5.493224342624479
0.01,562.8805835859011,-5.795761937300052
0.01,562.8210952104034,-6.102578524267851
0.01,562.7585196818785,-6.413094685533228
0.01,562.6928229634777,-6.726716402571963
0.01,562.6239770217937,-7.042837400649993
0.01,562.5519599374959,-7.360841541512797
0.01,562.4767559918355,-7.680105255001625
0.01,562.3983557286807,-8.0
0.01,562.3167559918355,-8.319894744998376
0.01,562.231959937496,-8.639158458487202
0.01,562.1439770217937,-8.95716259935001
0.01,562.0528229634778,-9.273283597428039
0.01,561.9585196818784,-9.586905314466776
0.01,561.8610952104034,-9.897421475732152
0.01,561.7605835859011,-10.204238062699948
0.01,561.6570247143343,-10.506775657375519
0.01,561.5504642132879,-10.804471728991917
0.01,561.4409532319387,-11.096782854061823
0.01,561.3285482491918,-11.383186861021786
0.01,561.2133108507852,-11.663184891004835
0.01,561.0953074862379,-11.93630336660851
0.01,560.9746092066048,-12.20209586088852
0.01,560.8512913840705,-12.460144859201936
0.01,560.7254334144895,-12.710063406946743
0.01,560.5971184040475,-12.951496636694863
0.01,560.4664328412784,-13.18412316869179
0.01,560.3334662557346,-13.407656379195636
0.01,560.198310864654,-13.621845531650102
0.01,560.061061209021,-13.826476766227126
0.01,559.9218137804564,-14.021373943833902
0.01,559.7806666404092,-14.206399341253414
0.01,559.6377190331523,-14.381454194675074
0.01,559.4930709941113,-14.546479089470326
0.01,559.3468229550705,-14.701454194675073
0.01,559.1990753478135,-14.846399341253415
0.01,559.0499282077662,-14.981373943833901
0.01,558.8994807792017,-15.106476766227127
0.01,558.7478311235686,-15.221845531650104
0.01,558.5950757324881,-15.327656379195634
0.01,558.4413091469443,-15.424123168691787
0.01,558.2866235841752,-15.511496636694863
0.01,558.1311085737332,-15.59006340694674
0.01,557.9748506041522,-15.660144859201935
0.01,557.8179327816179,-15.72209586088852
0.01,557.6604345019848,-15.776303366608511
0.01,557.5024311374375,-15.823184891004836
0.01,557.3439937390308,-15.863186861021786
0.01,557.185188756284,-15.896782854061824
0.01,557.0260777749347,-15.92447172899192
0.01,556.8667172738884,-15.94677565737552
0.01,556.7071584023215,-15.964238062699946
0.01,556.5474467778193,-15.97742147573215
0.01,556.3876223063442,-15.986905314466773
0.01,556.2277190247449,-15.993283597428038
0.01,556.0677649664289,-15.99716259935001
0.01,555.9077820507267,-15.999158458487202
0.01,555.7477859963872,-15.999894744998375
0.01,555.587786259542,-16.0
0.01,555.427786259542,-26.0
0.01,555.2677862595419,-26.0
0.01,555.107786259542,-26.0
0.01,554.947786259542,-26.0
0.01,554.7877862595419,-26.0
0.01,554.627786259542,-26.0
0.01,554.467786259542,-26.0
0.01,554.307786259542,-26.0
0.01,554.147786259542,-26.0
0.01,553.987786259542,-26.0
0.01,553.827786259542,-26.0
0.01,553.667786259542,-26.0
0.01,553.507786259542,-26.0
0.01,553.347786259542,-26.0
0.01,553.187786259542,-26.0
0.01,553.0277862595419,-26.0
0.01,552.867786259542,-26.0
0.01,552.707786259542,-26.0
0.01,552.547786259542,-26.0
0.01,552.387786259542,-26.0
0.01,552.227786259542,-26.0
0.01,552.067786259542,-26.0
0.01,551.907786259542,-26.0
0.01,551.747786259542,-26.0
0.01,551.587786259542,-26.0
0.01,551.427786259542,-26.0
0.01,551.2677862595419,-26.0
0.01,551.107786259542,-26.0
0.01,550.947786259542,-26.0
0.01,550.7877862595419,-26.0
0.01,550.627786259542,-26.0
0.01,550.467786259542,-26.0
0.01,550.307786259542,-26.0
0.01,550.147786259542,-26.0
0.01,549.987786259542,-26.0
0.01,549.827786259542,-26.0
0.01,549.667786259542,-26.0
0.01,549.507786259542,-26.0
0.01,549.347786259542,-26.0
0.01,549.187786259542,-26.0
0.01,549.0277862595419,-26.0
0.01,548.867786259542,-26.0
0.01,548.707786259542,-26.0
0.01,548.547786259542,-26.0
0.01,548.387786259542,-26.0
0.01,548.227786259542,-26.0
0.01,548.067786259542,-26.0
0.01,547.907786259542,-26.0
0.01,547.747786259542,-26.0
0.01,547.587786259542,-26.0
0.01,547.427786259542,-26.0
0.01,547.2677862595419,-26.0
0.01,547.107786259542,-26.0
0.01,546.947786259542,-26.0
0.01,546.7877862595419,-26.0
0.01,546.627786259542,-26.0
0.01,546.467786259542,-26.0
0.01,546.307786259542,-26.0
0.01,546.147786259542,-26.0
0.01,545.987786259542,-26.0
0.01,545.827786259542,-26.0
0.01,545.667786259542,-26.0
0.01,545.507786259542,-26.0
0.01,545.347786259542,-26.0
0.01,545.187786259542,-26.0
0.01,545.0277862595419,-26.0
0.01,544.867786259542,-26.0
0.01,544.707786259542,-26.0
0.01,544.547786259542,-26.0
0.01,544.387786259542,-26.0
0.01,544.227786259542,-26.0
0.01,544.067786259542,-26.0
0.01,543.907786259542,-26.0
0.01,543.747786259542,-26.0
0.01,543.587786259542,-26.0
0.01,543.427786259542,-26.0
0.01,543.2677862595419,-26.0
0.01,543.107786259542,-26.0
0.01,542.947786259542,-26.0
0.01,542.7877862595419,-26.0
0.01,542.627786259542,-26.0
0.01,542.467786259542,-26.0
0.01,542.307786259542,-26.0
0.01,542.147786259542,-26.0
0.01,541.987786259542,-26.0
0.01,541.827786259542,-26.0
0.01,541.667786259542,-26.0
0.01,541.507786259542,-26.0
0.01,541.347786259542,-26.0
0.01,541.187786259542,-26.0
0.01,541.0277862595419,-26.0
0.01,540.867786259542,-26.0
0.01,540.707786259542,-26.0
0.01,540.547786259542,-26.0
0.01,540.387786259542,-26.0
0.01,540.227786259542,-26.0
0.01,540.067786259542,-26.0
0.01,539.907786259542,-26.0
0.01,539.747786259542,-26.0
0.01,539.587786259542,-26.0
0.01,539.427786259542,-26.0
0.01,539.2677862595419,-26.0
0.01,539.107786259542,-26.0
0.01,538.947786259542,-26.0
0.01,538.787786259542,-26.0
0.01,538.627786259542,-26.0
0.01,538.467786259542,-26.0
0.01,538.307786259542,-26.0
0.01,538.147786259542,-26.0
0.01,537.987786259542,-26.0
0.01,537.827786259542,-26.0
0.01,537.667786259542,-26.0
0.01,537.507786259542,-26.0
0.01,537.347786259542,-26.0
0.01,537.187786259542,-26.0
0.01,537.0277862595419,-26.0
0.01,536.867786259542,-26.0
0.01,536.707786259542,-26.0
0.01,536.547786259542,-26.0
0.01,536.3877862595419,-26.0
0.01,536.227786259542,-26.0
0.01,536.067786259542,-26.0
0.01,535.907786259542,-26.0
0.01,535.747786259542,-26.0
0.01,535.587786259542,-26.0
0.01,535.427786259542,-26.0
0.01,535.2677862595419,-26.0
0.01,535.107786259542,-26.0
0.01,534.947786259542,-26.0
0.01,534.7877862595419,-26.0
0.01,534.627786259542,-26.0
0.01,534.467786259542,-26.0
0.01,534.307786259542,-26.0
0.01,534.147786259542,-26.0
0.01,533.987786259542,-26.0
0.01,533.827786259542,-26.0
0.01,533.667786259542,-26.0
0.01,533.507786259542,-26.0
0.01,533.347786259542,-26.0
0.01,533.187786259542,-26.0
0.01,533.0277862595419,-26.0
0.01,532.867786259542,-26.0
0.01,532.707786259542,-26.0
0.01,532.547786259542,-26.0
0.01,532.3877862595419,-26.0
0.01,532.227786259542,-26.0
0.01,532.067786259542,-26.0
0.01,531.907786259542,-26.0
0.01,531.747786259542,-26.0
0.01,531.587786259542,-26.0
0.01,531.427786259542,-26.0
0.01,531.2677862595419,-26.0
0.01,531.107786259542,-26.0
0.01,530.947786259542,-26.0
0.01,530.7877862595419,-26.0
0.01,530.627786259542,-26.0
0.01,530.467786259542,-26.0
0.01,530.307786259542,-26.0
0.01,530.147786259542,-26.0
0.01,529.987786259542,-26.0
0.01,529.827786259542,-26.0
0.01,529.667786259542,-26.0
0.01,529.507786259542,-26.0
0.01,529.347786259542,-26.0
0.01,529.187786259542,-26.0
0.01,529.0277862595419,-26.0
0.01,528.867786259542,-26.0
0.01,528.707786259542,-26.0
0.01,528.547786259542,-26.0
0.01,528.3877862595419,-26.0
0.01,528.227786259542,-26.0
0.01,528.067786259542,-26.0
0.01,527.907786259542,-26.0
0.01,527.747786259542,-26.0
0.01,527.587786259542,-26.0
0.01,527.427786259542,-26.0
0.01,527.2677862595419,-26.0
0.01,527.107786259542,-26.0
0.01,526.947786259542,-26.0
0.01,526.7877862595419,-26.0
0.01,526.627786259542,-26.0
0.01,526.467786259542,-26.0
0.01,526.307786259542,-26.0
0.01,526.147786259542,-26.0
0.01,525.987786259542,-26.0
0.01,525.827786259542,-26.0
0.01,525.667786259542,-26.0
0.01,525.507786259542,-26.0
0.01,525.347786259542,-26.0
0.01,525.187786259542,-26.0
0.01,525.0277862595419,-26.0
0.01,524.867786259542,-26.0
0.01,524.707786259542,-26.0
0.01,524.547786259542,-26.0
0.01,524.3877862595419,-26.0
0.01,524.227786259542,-26.0
0.01,524.067786259542,-26.0
0.01,523.907786259542,-26.0
0.01,523.747786259542,-26.0
0.01,523.587786259542,-26.0
0.01,523.427786259542,-26.0
0.01,523.2677862595419,-26.0
0.01,523.107786259542,-26.0
0.01,522.947786259542,-26.0
0.01,522.7877862595419,-26.0
0.01,522.627786259542,-26.0
0.01,522.467786259542,-26.0
0.01,522.307786259542,-26.0
0.01,522.147786259542,-26.0
0.01,521.987786259542,-26.0
0.01,521.827786259542,-26.0
0.01,521.667786259542,-26.0
0.01,521.507786259542,-26.0
0.01,521.347786259542,-26.0
0.01,521.187786259542,-26.0
0.01,521.0277862595419,-26.0
0.01,520.867786259542,-26.0
0.01,520.707786259542,-26.0
0.01,520.547786259542,-26.0
0.01,520.3877862595419,-26.0
0.01,520.227786259542,-26.0
0.01,520.067786259542,-26.0
0.01,519.907786259542,-26.0
0.01,519.747786259542,-26.0
0.01,519.587786259542,-26.0
0.01,519.427786259542,-26.0
0.01,519.2677862595419,-26.0
0.01,519.107786259542,-26.0
0.01,518.947786259542,-26.0
0.01,518.7877862595419,-26.0
0.01,518.627786259542,-26.0
0.01,518.467786259542,-26.0
0.01,518.307786259542,-26.0
0.01,518.147786259542,-26.0
0.01,517.987786259542,-26.0
0.01,517.827786259542,-26.0
0.01,517.667786259542,-26.0
0.01,517.507786259542,-26.0
0.01,517.347786259542,-26.0
0.01,517.187786259542,-26.0
0.01,517.0277862595419,-26.0
0.01,516.867786259542,-26.0
0.01,516.707786259542,-26.0
0.01,516.547786259542,-26.0
0.01,516.3877862595419,-26.0
0.01,516.227786259542,-26.0
0.01,516.067786259542,-26.0
0.01,515.907786259542,-26.0
0.01,515.747786259542,-26.0
0.01,515.587786259542,-26.0
0.01,515.427786259542,-26.0
0.01,515.2677862595419,-26.0
0.01,515.107786259542,-26.0
0.01,514.947786259542,-26.0
0.01,514.7877862595419,-26.0
0.01,514.627786259542,-26.0
0.01,514.467786259542,-26.0
0.01,514.307786259542,-26.0
0.01,514.147786259542,-26.0
0.01,513.987786259542,-26.0
0.01,513.827786259542,-26.0
0.01,513.667786259542,-26.0
0.01,513.507786259542,-26.0
0.01,513.347786259542,-26.0
0.01,513.187786259542,-26.0
0.01,513.0277862595419,-26.0
0.01,512.867786259542,-26.0
0.01,512.707786259542,-26.0
0.01,512.547786259542,-26.0
0.01,512.3877862595419,-26.0
0.01,512.227786259542,-26.0
0.01,512.067786259542,-26.0
0.01,511.907786259542,-26.0
0.01,511.74778625954195,-26.0
0.01,511.587786259542,-26.0
0.01,511.427786259542,-26.0
0.01,511.267786259542,-26.0
0.01,511.10778625954197,-26.0
0.01,510.947786259542,-26.0
0.01,510.787786259542,-26.0
0.01,510.62778625954195,-26.0
0.01,510.467786259542,-26.0
0.01,510.307786259542,-26.0
0.01,510.147786259542,-26.0
0.01,509.98778625954196,-26.0
0.01,509.827786259542,-26.0
0.01,509.667786259542,-26.0
0.01,509.50778625954194,-26.0
0.01,509.347786259542,-26.0
0.01,509.187786259542,-26.0
0.01,509.027786259542,-26.0
0.01,508.86778625954196,-26.0
0.01,508.707786259542,-26.0
0.01,508.547786259542,-26.0
0.01,508.38778625954194,-26.0
0.01,508.227786259542,-26.0
0.01,508.067786259542,-26.0
0.01,507.907786259542,-26.0
0.01,507.74778625954195,-26.0
0.01,507.587786259542,-26.0
0.01,507.427786259542,-26.0
0.01,507.26778625954194,-26.0
0.01,507.10778625954197,-26.0
0.01,506.947786259542,-26.0
0.01,506.78778625954203,-26.0
0.01,506.62778625954195,-26.0
0.01,506.467786259542,-26.0
0.01,506.307786259542,-26.0
0.01,506.147786259542,-26.0
0.01,505.98778625954196,-26.0
0.01,505.827786259542,-26.0
0.01,505.667786259542,-26.0
0.01,505.50778625954194,-26.0
0.01,505.347786259542,-26.0
0.01,505.187786259542,-26.0
0.01,505.027786259542,-26.0
0.01,504.86778625954196,-26.0
0.01,504.707786259542,-26.0
0.01,504.547786259542,-26.0
0.01,504.38778625954194,-26.0
0.01,504.227786259542,-26.0
0.01,504.067786259542,-26.0
0.01,503.907786259542,-26.0
0.01,503.74778625954195,-26.0
0.01,503.587786259542,-26.0
0.01,503.427786259542,-26.0
0.01,503.26778625954194,-26.0
0.01,503.10778625954197,-26.0
0.01,502.947786259542,-26.0
0.01,502.78778625954203,-26.0
0.01,502.62778625954195,-26.0
0.01,502.467786259542,-26.0
0.01,502.307786259542,-26.0
0.01,502.147786259542,-26.0
0.01,501.98778625954196,-26.0
0.01,501.827786259542,-26.0
0.01,501.667786259542,-26.0
0.01,501.50778625954194,-26.0
0.01,501.347786259542,-26.0
0.01,501.187786259542,-26.0
0.01,501.027786259542,-26.0
0.01,500.86778625954196,-26.0
0.01,500.707786259542,-26.0
0.01,500.54778625954197,-26.0
0.01,500.387786259542,-26.0
0.01,500.227786259542,-26.0
0.01,500.067786259542,-26.0
0.01,499.907786259542,-26.0
0.01,499.74778625954195,-26.0
0.01,499.587786259542,-26.0
0.01,499.427786259542,-26.0
0.01,499.267786259542,-26.0
0.01,499.10778625954197,-26.0
0.01,498.947786259542,-26.0
0.01,498.787786259542,-26.0
0.01,498.62778625954195,-26.0
0.01,498.467786259542,-26.0
0.01,498.307786259542,-26.0
0.01,498.147786259542,-26.0
0.01,497.98778625954196,-26.0
0.01,497.827786259542,-26.0
0.01,497.66778625954197,-26.0
0.01,497.507786259542,-26.0
0.01,497.347786259542,-26.0
0.01,497.187786259542,-26.0
0.01,497.027786259542,-26.0
0.01,496.86778625954196,-26.0
0.01,496.707786259542,-26.0
0.01,496.54778625954197,-26.0
0.01,496.387786259542,-26.0
0.01,496.227786259542,-26.0
0.01,496.067786259542,-26.0
0.01,495.907786259542,-26.0
0.01,495.74778625954195,-26.0
0.01,495.587786259542,-26.0
0.01,495.427786259542,-26.0
0.01,495.267786259542,-26.0
0.01,495.10778625954197,-26.0
0.01,494.947786259542,-26.0
0.01,494.787786259542,-26.0
0.01,494.62778625954195,-26.0
0.01,494.467786259542,-26.0
0.01,494.307786259542,-26.0
0.01,494.147786259542,-26.0
0.01,493.98778625954196,-26.0
0.01,493.827786259542,-26.0
0.01,493.66778625954197,-26.0
0.01,493.507786259542,-26.0
0.01,493.347786259542,-26.0
0.01,493.187786259542,-26.0
0.01,493.027786259542,-26.0
0.01,492.86778625954196,-26.0
0.01,492.707786259542,-26.0
0.01,492.54778625954197,-26.0
0.01,492.387786259542,-26.0
0.01,492.227786259542,-26.0
0.01,492.067786259542,-26.0
0.01,491.907786259542,-26.0
0.01,491.74778625954195,-26.0
0.01,491.587786259542,-26.0
0.01,491.427786259542,-26.0
0.01,491.267786259542,-26.0
0.01,491.10778625954197,-26.0
0.01,490.947786259542,-26.0
0.01,490.787786259542,-26.0
0.01,490.62778625954195,-26.0
0.01,490.467786259542,-26.0
0.01,490.307786259542,-26.0
0.01,490.147786259542,-26.0
0.01,489.98778625954196,-26.0
0.01,489.827786259542,-26.0
0.01,489.66778625954197,-26.0
0.01,489.507786259542,-26.0
0.01,489.347786259542,-26.0
0.01,489.187786259542,-26.0
0.01,489.027786259542,-26.0
0.01,488.86778625954196,-26.0
0.01,488.707786259542,-26.0
0.01,488.54778625954197,-26.0
0.01,488.387786259542,-26.0
0.01,488.227786259542,-26.0
0.01,488.067786259542,-26.0
0.01,487.907786259542,-26.0
0.01,487.74778625954195,-26.0
0.01,487.587786259542,-26.0
0.01,487.427786259542,-26.0
0.01,487.267786259542,-26.0
0.01,487.10778625954197,-26.0
0.01,486.947786259542,-26.0
0.01,486.787786259542,-26.0
0.01,486.62778625954195,-26.0
0.01,486.467786259542,-26.0
0.01,486.307786259542,-26.0
0.01,486.147786259542,-26.0
0.01,485.98778625954196,-26.0
0.01,485.827786259542,-26.0
0.01,485.66778625954197,-26.0
0.01,485.507786259542,-26.0
0.01,485.347786259542,-26.0
0.01,485.187786259542,-26.0
0.01,485.027786259542,-26.0
0.01,484.86778625954196,-26.0
0.01,484.707786259542,-26.0
0.01,484.54778625954197,-26.0
0.01,484.387786259542,-26.0
0.01,484.227786259542,-26.0
0.01,484.067786259542,-26.0
0.01,483.907786259542,-26.0
0.01,483.74778625954195,-26.0
0.01,483.587786259542,-26.0
0.01,483.427786259542,-26.0
0.01,483.267786259542,-26.0
0.01,483.10778625954197,-26.0
0.01,482.947786259542,-26.0
0.01,482.787786259542,-26.0
0.01,482.62778625954195,-26.0
0.01,482.467786259542,-26.0
0.01,482.307786259542,-26.0
0.01,482.147786259542,-26.0
0.01,481.98778625954196,-26.0
0.01,481.827786259542,-26.0
0.01,481.66778625954197,-26.0
0.01,481.507786259542,-26.0
0.01,481.347786259542,-26.0
0.01,481.187786259542,-26.0
0.01,481.027786259542,-26.0
0.01,480.86778625954196,-26.0
0.01,480.707786259542,-26.0
0.01,480.54778625954197,-26.0
0.01,480.387786259542,-26.0
0.01,480.227786259542,-26.0
0.01,480.067786259542,-26.0
0.01,479.907786259542,-26.0
0.01,479.74778625954195,-26.0
0.01,479.587786259542,-26.0
0.01,479.427786259542,-26.0
0.01,479.267786259542,-26.0
0.01,479.10778625954197,-26.0
0.01,478.947786259542,-26.0
0.01,478.787786259542,-26.0
0.01,478.62778625954195,-26.0
0.01,478.467786259542,-26.0
0.01,478.307786259542,-26.0
0.01,478.147786259542,-26.0
0.01,477.98778625954196,-26.0
0.01,477.827786259542,-26.0
0.01,477.66778625954197,-26.0
0.01,477.507786259542,-26.0
0.01,477.347786259542,-26.0
0.01,477.187786259542,-26.0
0.01,477.027786259542,-26.0
0.01,476.86778625954196,-26.0
0.01,476.707786259542,-26.0
0.01,476.54778625954197,-26.0
0.01,476.387786259542,-26.0
0.01,476.227786259542,-26.0
0.01,476.067786259542,-26.0
0.01,475.907786259542,-26.0
0.01,475.74778625954195,-26.0
0.01,475.587786259542,-26.0
0.01,475.427786259542,-26.0
0.01,475.267786259542,-26.0
0.01,475.10778625954197,-26.0
0.01,474.947786259542,-26.0
0.01,474.787786259542,-26.0
0.01,474.62778625954195,-26.0
0.01,474.467786259542,-26.0
0.01,474.307786259542,-26.0
0.01,474.147786259542,-26.0
0.01,473.98778625954196,-26.0
0.01,473.827786259542,-26.0
0.01,473.66778625954197,-26.0
0.01,473.507786259542,-26.0
0.01,473.347786259542,-26.0
0.01,473.187786259542,-26.0
0.01,473.027786259542,-26.0
0.01,472.86778625954196,-26.0
0.01,472.707786259542,-26.0
0.01,472.54778625954197,-26.0
0.01,472.387786259542,-26.0
0.01,472.227786259542,-26.0
0.01,472.067786259542,-26.0
0.01,471.907786259542,-26.0
0.01,471.74778625954195,-26.0
0.01,471.587786259542,-26.0
0.01,471.427786259542,-26.0
0.01,471.267786259542,-26.0
0.01,471.10778625954197,-26.0
0.01,470.947786259542,-26.0
0.01,470.787786259542,-26.0
0.01,470.62778625954195,-26.0
0.01,470.467786259542,-26.0
0.01,470.307786259542,-26.0
0.01,470.147786259542,-26.0
0.01,469.98778625954196,-26.0
0.01,469.827786259542,-26.0
0.01,469.66778625954197,-26.0
0.01,469.507786259542,-26.0
0.01,469.347786259542,-26.0
0.01,469.187786259542,-26.0
0.01,469.027786259542,-26.0
0.01,468.86778625954196,-26.0
0.01,468.707786259542,-26.0
0.01,468.54778625954197,-26.0
0.01,468.387786259542,-26.0
0.01,468.227786259542,-26.0
0.01,468.067786259542,-26.0
0.01,467.907786259542,-26.0
0.01,467.74778625954195,-26.0
0.01,467.587786259542,-26.0
0.01,467.427786259542,-26.0
0.01,467.267786259542,-26.0
0.01,467.10778625954197,-26.0
0.01,466.947786259542,-26.0
0.01,466.787786259542,-26.0
0.01,466.62778625954195,-26.0
0.01,466.467786259542,-26.0
0.01,466.307786259542,-26.0
0.01,466.147786259542,-26.0
0.01,465.98778625954196,-26.0
0.01,465.827786259542,-26.0
0.01,465.66778625954197,-26.0
0.01,465.507786259542,-26.0
0.01,465.347786259542,-26.0
0.01,465.187786259542,-26.0
0.01,465.027786259542,-26.0
0.01,464.86778625954196,-26.0
0.01,464.707786259542,-26.0
0.01,464.54778625954197,-26.0
0.01,464.387786259542,-26.0
0.01,464.227786259542,-26.0
0.01,464.067786259542,-26.0
0.01,463.907786259542,-26.0
0.01,463.74778625954195,-26.0
0.01,463.587786259542,-26.0
0.01,463.427786259542,-26.0
0.01,463.267786259542,-26.0
0.01,463.10778625954197,-26.0
0.01,462.947786259542,-26.0
0.01,462.787786259542,-26.0
0.01,462.62778625954195,-26.0
0.01,462.467786259542,-26.0
0.01,462.307786259542,-26.0
0.01,462.147786259542,-26.0
0.01,461.98778625954196,-26.0
0.01,461.827786259542,-26.0
0.01,461.66778625954197,-26.0
0.01,461.507786259542,-26.0
0.01,461.347786259542,-26.0
0.01,461.187786259542,-26.0
0.01,461.027786259542,-26.0
0.01,460.86778625954196,-26.0
0.01,460.707786259542,-26.0
0.01,460.54778625954197,-26.0
0.01,460.387786259542,-26.0
0.01,460.227786259542,-26.0
0.01,460.067786259542,-26.0
0.01,459.907786259542,-26.0
0.01,459.74778625954195,-26.0
0.01,459.587786259542,-26.0
0.01,459.427786259542,-26.0
0.01,459.267786259542,-26.0
0.01,459.10778625954197,-26.0
0.01,458.947786259542,-26.0
0.01,458.787786259542,-26.0
0.01,458.62778625954195,-26.0
0.01,458.467786259542,-26.0
0.01,458.307786259542,-26.0
0.01,458.147786259542,-26.0
0.01,457.98778625954196,-26.0
0.01,457.827786259542,-26.0
0.01,457.66778625954197,-26.0
0.01,457.507786259542,-26.0
0.01,457.347786259542,-26.0
0.01,457.187786259542,-26.0
0.01,457.027786259542,-26.0
0.01,456.86778625954196,-26.0
0.01,456.707786259542,-26.0
0.01,456.54778625954197,-26.0
0.01,456.387786259542,-26.0
0.01,456.227786259542,-26.0
0.01,456.067786259542,-26.0
0.01,455.907786259542,-26.0
0.01,455.74778625954195,-26.0
0.01,455.587786259542,-26.0
0.01,455.427786259542,-26.0
0.01,455.267786259542,-26.0
0.01,455.10778625954197,-26.0
0.01,454.947786259542,-26.0
0.01,454.787786259542,-26.0
0.01,454.62778625954195,-26.0
0.01,454.467786259542,-26.0
0.01,454.307786259542,-26.0
0.01,454.147786259542,-26.0
0.01,453.98778625954196,-26.0
0.01,453.827786259542,-26.0
0.01,453.66778625954197,-26.0
0.01,453.507786259542,-26.0
0.01,453.347786259542,-26.0
0.01,453.187786259542,-26.0
0.01,453.027786259542,-26.0
0.01,452.86778625954196,-26.0
0.01,452.707786259542,-26.0
0.01,452.54778625954197,-26.0
0.01,452.387786259542,-26.0
0.01,452.227786259542,-26.0
0.01,452.067786259542,-26.0
0.01,451.907786259542,-26.0
0.01,451.74778625954195,-26.0
0.01,451.587786259542,-26.0
0.01,451.427786259542,-26.0
0.01,451.267786259542,-26.0
0.01,451.10778625954197,-26.0
0.01,450.947786259542,-26.0
0.01,450.787786259542,-26.0
0.01,450.62778625954195,-26.0
0.01,450.467786259542,-26.0
0.01,450.307786259542,-26.0
0.01,450.147786259542,-26.0
0.01,449.98778625954196,-26.0
0.01,449.827786259542,-26.0
0.01,449.66778625954197,-26.0
0.01,449.507786259542,-26.0
0.01,449.347786259542,-26.0
0.01,449.187786259542,-26.0
0.01,449.027786259542,-26.0
0.01,448.86778625954196,-26.0
0.01,448.707786259542,-26.0
0.01,448.54778625954197,-26.0
0.01,448.387786259542,-26.0
0.01,448.227786259542,-26.0
0.01,448.067786259542,-26.0
0.01,447.907786259542,-26.0
0.01,447.74778625954195,-26.0
0.01,447.587786259542,-26.0
0.01,447.427786259542,-26.0
0.01,447.267786259542,-26.0
0.01,447.10778625954197,-26.0
0.01,446.947786259542,-26.0
0.01,446.787786259542,-26.0
0.01,446.62778625954195,-26.0
0.01,446.467786259542,-26.0
0.01,446.307786259542,-26.0
0.01,446.147786259542,-26.0
0.01,445.98778625954196,-26.0
0.01,445.827786259542,-26.0
0.01,445.66778625954197,-26.0
0.01,445.507786259542,-26.0
0.01,445.347786259542,-26.0
0.01,445.187786259542,-26.0
0.01,445.027786259542,-26.0
0.01,444.86778625954196,-26.0
0.01,444.707786259542,-26.0
0.01,444.54778625954197,-26.0
0.01,444.387786259542,-26.0
0.01,444.227786259542,-26.0
0.01,444.067786259542,-26.0
0.01,443.907786259542,-26.0
0.01,443.74778625954195,-26.0
0.01,443.587786259542,-26.0
0.01,443.427786259542,-26.0
0.01,443.267786259542,-26.0
0.01,443.10778625954197,-26.0
0.01,442.947786259542,-26.0
0.01,442.787786259542,-26.0
0.01,442.62778625954195,-26.0
0.01,442.467786259542,-26.0
0.01,442.307786259542,-26.0
0.01,442.147786259542,-26.0
0.01,441.98778625954196,-26.0
0.01,441.827786259542,-26.0
0.01,441.66778625954197,-26.0
0.01,441.50778625954194,-26.0
0.01,441.347786259542,-26.0
0.01,441.187786259542,-26.0
0.01,441.027786259542,-26.0
0.01,440.86778625954196,-26.0
0.01,440.707786259542,-26.0
0.01,440.547786259542,-26.0
0.01,440.387786259542,-26.0
0.01,440.227786259542,-26.0
0.01,440.067786259542,-26.0
0.01,439.907786259542,-26.0
0.01,439.74778625954195,-26.0
0.01,439.587786259542,-26.0
0.01,439.427786259542,-26.0
0.01,439.267786259542,-26.0
0.01,439.10778625954197,-26.0
0.01,438.947786259542,-26.0
0.01,438.787786259542,-26.0
0.01,438.62778625954195,-26.0
0.01,438.467786259542,-26.0
0.01,438.307786259542,-26.0
0.01,438.147786259542,-26.0
0.01,437.98778625954196,-26.0
0.01,437.827786259542,-26.0
0.01,437.66778625954197,-26.0
0.01,437.50778625954194,-26.0
0.01,437.347786259542,-26.0
0.01,437.187786259542,-26.0
0.01,437.027786259542,-26.0
0.01,436.86778625954196,-26.0
0.01,436.707786259542,-26.0
0.01,436.547786259542,-26.0
0.01,436.387786259542,-26.0
0.01,436.227786259542,-26.0
0.01,436.067786259542,-26.0
0.01,435.907786259542,-26.0
0.01,435.74778625954195,-26.0
0.01,435.587786259542,-26.0
0.01,435.427786259542,-26.0
0.01,435.267786259542,-26.0
0.01,435.10778625954197,-26.0
0.01,434.947786259542,-26.0
0.01,434.787786259542,-26.0
0.01,434.62778625954195,-26.0
0.01,434.467786259542,-26.0
0.01,434.307786259542,-26.0
0.01,434.147786259542,-26.0
0.01,433.98778625954196,-26.0
0.01,433.827786259542,-26.0
0.01,433.66778625954197,-26.0
0.01,433.50778625954194,-26.0
0.01,433.347786259542,-26.0
0.01,433.187786259542,-26.0
0.01,433.027786259542,-26.0
0.01,432.86778625954196,-26.0
0.01,432.707786259542,-26.0
0.01,432.547786259542,-26.0
0.01,432.38778625954194,-26.0
0.01,432.227786259542,-26.0
0.01,432.067786259542,-26.0
0.01,431.907786259542,-26.0
0.01,431.74778625954195,-26.0
0.01,431.587786259542,-26.0
0.01,431.427786259542,-26.0
0.01,431.267786259542,-26.0
0.01,431.10778625954197,-26.0
0.01,430.947786259542,-26.0
0.01,430.787786259542,-26.0
0.01,430.62778625954195,-26.0
0.01,430.467786259542,-26.0
0.01,430.307786259542,-26.0
0.01,430.147786259542,-26.0
0.01,429.98778625954196,-26.0
0.01,429.827786259542,-26.0
0.01,429.66778625954197,-26.0
0.01,429.50778625954194,-26.0
0.01,429.347786259542,-26.0
0.01,429.187786259542,-26.0
0.01,429.027786259542,-26.0
0.01,428.86778625954196,-26.0
0.01,428.707786259542,-26.0
0.01,428.547786259542,-26.0
0.01,428.38778625954194,-26.0
0.01,428.227786259542,-26.0
0.01,428.067786259542,-26.0
0.01,427.907786259542,-26.0
0.01,427.74778625954195,-26.0
0.01,427.587786259542,-26.0
0.01,427.427786259542,-26.0
0.01,427.267786259542,-26.0
0.01,427.10778625954197,-26.0
0.01,426.947786259542,-26.0
0.01,426.787786259542,-26.0
0.01,426.62778625954195,-26.0
0.01,426.467786259542,-26.0
0.01,426.307786259542,-26.0
0.01,426.147786259542,-26.0
0.01,425.98778625954196,-26.0
0.01,425.827786259542,-26.0
0.01,425.66778625954197,-26.0
0.01,425.50778625954194,-26.0
0.01,425.347786259542,-26.0
0.01,425.187786259542,-26.0
0.01,425.027786259542,-26.0
0.01,424.86778625954196,-26.0
0.01,424.707786259542,-26.0
0.01,424.547786259542,-26.0
0.01,424.38778625954194,-26.0
0.01,424.227786259542,-26.0
0.01,424.067786259542,-26.0
0.01,423.907786259542,-26.0
0.01,423.74778625954195,-26.0
0.01,423.587786259542,-26.0
0.01,423.427786259542,-26.0
0.01,423.267786259542,-26.0
0.01,423.10778625954197,-26.0
0.01,422.947786259542,-26.0
0.01,422.787786259542,-26.0
0.01,422.62778625954195,-26.0
0.01,422.467786259542,-26.0
0.01,422.307786259542,-26.0
0.01,422.147786259542,-26.0
0.01,421.98778625954196,-26.0
0.01,421.827786259542,-26.0
0.01,421.66778625954197,-26.0
0.01,421.50778625954194,-26.0
0.01,421.347786259542,-26.0
0.01,421.187786259542,-26.0
0.01,421.027786259542,-26.0
0.01,420.86778625954196,-26.0
0.01,420.707786259542,-26.0
0.01,420.547786259542,-26.0
0.01,420.38778625954194,-26.0
0.01,420.227786259542,-26.0
0.01,420.067786259542,-26.0
0.01,419.907786259542,-26.0
0.01,419.74778625954195,-26.0
0.01,419.587786259542,-26.0
0.01,419.427786259542,-26.0
0.01,419.267786259542,-26.0
0.01,419.10778625954197,-26.0
0.01,418.947786259542,-26.0
0.01,418.787786259542,-26.0
0.01,418.62778625954195,-26.0
0.01,418.467786259542,-26.0
0.01,418.307786259542,-26.0
0.01,418.147786259542,-26.0
0.01,417.98778625954196,-26.0
0.01,417.827786259542,-26.0
0.01,417.66778625954197,-26.0
0.01,417.50778625954194,-26.0
0.01,417.347786259542,-26.0
0.01,417.187786259542,-26.0
0.01,417.027786259542,-26.0
0.01,416.86778625954196,-26.0
0.01,416.707786259542,-26.0
0.01,416.547786259542,-26.0
0.01,416.38778625954194,-26.0
0.01,416.227786259542,-26.0
0.01,416.067786259542,-26.0
0.01,415.907786259542,-26.0
0.01,415.74778625954195,-26.0
0.01,415.587786259542,-26.0
0.01,415.427786259542,-26.0
0.01,415.267786259542,-26.0
0.01,415.10778625954197,-26.0
0.01,414.947786259542,-26.0
0.01,414.787786259542,-26.0
0.01,414.62778625954195,-26.0
0.01,414.467786259542,-26.0
0.01,414.307786259542,-26.0
0.01,414.147786259542,-26.0
0.01,413.98778625954196,-26.0
0.01,413.827786259542,-26.0
0.01,413.66778625954197,-26.0
0.01,413.50778625954194,-26.0
0.01,413.347786259542,-26.0
0.01,413.187786259542,-26.0
0.01,413.027786259542,-26.0
0.01,412.86778625954196,-26.0
0.01,412.707786259542,-26.0
0.01,412.547786259542,-26.0
0.01,412.38778625954194,-26.0
0.01,412.227786259542,-26.0
0.01,412.067786259542,-26.0
0.01,411.907786259542,-26.0
0.01,411.74778625954195,-26.0
0.01,411.587786259542,-26.0
0.01,411.427786259542,-26.0
0.01,411.267786259542,-26.0
0.01,411.10778625954197,-26.0
0.01,410.947786259542,-26.0
0.01,410.787786259542,-26.0
0.01,410.62778625954195,-26.0
0.01,410.467786259542,-26.0
0.01,410.307786259542,-26.0
0.01,410.147786259542,-26.0
0.01,409.98778625954196,-26.0
0.01,409.827786259542,-26.0
0.01,409.66778625954197,-26.0
0.01,409.50778625954194,-26.0
0.01,409.347786259542,-26.0
0.01,409.187786259542,-26.0
0.01,409.027786259542,-26.0
0.01,408.86778625954196,-26.0
0.01,408.707786259542,-26.0
0.01,408.547786259542,-26.0
0.01,408.38778625954194,-26.0
0.01,408.227786259542,-26.0
0.01,408.067786259542,-26.0
0.01,407.907786259542,-26.0
0.01,407.74778625954195,-26.0
0.01,407.587786259542,-26.0
0.01,407.427786259542,-26.0
0.01,407.267786259542,-26.0
0.01,407.10778625954197,-26.0
0.01,406.947786259542,-26.0
0.01,406.787786259542,-26.0
0.01,406.62778625954195,-26.0
0.01,406.467786259542,-26.0
0.01,406.307786259542,-26.0
0.01,406.147786259542,-26.0
0.01,405.98778625954196,-26.0
0.01,405.827786259542,-26.0
0.01,405.66778625954197,-26.0
0.01,405.50778625954194,-26.0
0.01,405.347786259542,-26.0
0.01,405.187786259542,-26.0
0.01,405.027786259542,-26.0
0.01,404.86778625954196,-26.0
0.01,404.707786259542,-26.0
0.01,404.547786259542,-26.0
0.01,404.38778625954194,-26.0
0.01,404.227786259542,-26.0
0.01,404.067786259542,-26.0
0.01,403.907786259542,-26.0
0.01,403.74778625954195,-26.0
0.01,403.587786259542,-26.0
0.01,403.427786259542,-26.0
0.01,403.267786259542,-26.0
0.01,403.10778625954197,-26.0
0.01,402.947786259542,-26.0
0.01,402.787786259542,-26.0
0.01,402.62778625954195,-26.0
0.01,402.467786259542,-26.0
0.01,402.307786259542,-26.0
0.01,402.147786259542,-26.0
0.01,401.98778625954196,-26.0
0.01,401.827786259542,-26.0
0.01,401.66778625954197,-26.0
0.01,401.50778625954194,-26.0
0.01,401.347786259542,-26.0
0.01,401.187786259542,-26.0
0.01,401.027786259542,-26.0
0.01,400.86778625954196,-26.0
0.01,400.707786259542,-26.0
0.01,400.547786259542,-26.0
0.01,400.38778625954194,-26.0
0.01,400.227786259542,-26.0
0.01,400.067786259542,-26.0
0.01,399.907786259542,-26.0
0.01,399.74778625954195,-26.0
0.01,399.587786259542,-26.0
0.01,399.427786259542,-26.0
0.01,399.267786259542,-26.0
0.01,399.10778625954197,-26.0
0.01,398.947786259542,-26.0
0.01,398.787786259542,-26.0
0.01,398.62778625954195,-26.0
0.01,398.467786259542,-26.0
0.01,398.307786259542,-26.0
0.01,398.147786259542,-26.0
0.01,397.98778625954196,-26.0
0.01,397.827786259542,-26.0
0.01,397.66778625954197,-26.0
0.01,397.50778625954194,-26.0
0.01,397.347786259542,-26.0
0.01,397.187786259542,-26.0
0.01,397.027786259542,-26.0
0.01,396.86778625954196,-26.0
0.01,396.707786259542,-26.0
0.01,396.547786259542,-26.0
0.01,396.38778625954194,-26.0
0.01,396.227786259542,-26.0
0.01,396.067786259542,-26.0
0.01,395.907786259542,-26.0
0.01,395.74778625954195,-26.0
0.01,395.587786259542,-26.0
0.01,395.427786259542,-26.0
0.01,395.267786259542,-26.0
0.01,395.10778625954197,-26.0
0.01,394.947786259542,-26.0
0.01,394.787786259542,-26.0
0.01,394.62778625954195,-26.0
0.01,394.467786259542,-26.0
0.01,394.307786259542,-26.0
0.01,394.147786259542,-26.0
0.01,393.98778625954196,-26.0
0.01,393.827786259542,-26.0
0.01,393.66778625954197,-26.0
0.01,393.50778625954194,-26.0
0.01,393.347786259542,-26.0
0.01,393.187786259542,-26.0
0.01,393.027786259542,-26.0
0.01,392.86778625954196,-26.0
0.01,392.707786259542,-26.0
0.01,392.547786259542,-26.0
0.01,392.38778625954194,-26.0
0.01,392.227786259542,-26.0
0.01,392.067786259542,-26.0
0.01,391.907786259542,-26.0
0.01,391.74778625954195,-26.0
0.01,391.587786259542,-26.0
0.01,391.427786259542,-26.0
0.01,391.267786259542,-26.0
0.01,391.10778625954197,-26.0
0.01,390.947786259542,-26.0
0.01,390.787786259542,-26.0
0.01,390.62778625954195,-26.0
0.01,390.467786259542,-26.0
0.01,390.307786259542,-26.0
0.01,390.147786259542,-26.0
0.01,389.98778625954196,-26.0
0.01,389.827786259542,-26.0
0.01,389.66778625954197,-26.0
0.01,389.50778625954194,-26.0
0.01,389.347786259542,-26.0
0.01,389.187786259542,-26.0
0.01,389.027786259542,-26.0
0.01,388.86778625954196,-26.0
0.01,388.707786259542,-26.0
0.01,388.547786259542,-26.0
0.01,388.38778625954194,-26.0
0.01,388.227786259542,-26.0
0.01,388.067786259542,-26.0
0.01,387.907786259542,-26.0
0.01,387.74778625954195,-26.0
0.01,387.587786259542,-26.0
0.01,387.427786259542,-26.0
0.01,387.267786259542,-26.0
0.01,387.10778625954197,-26.0
0.01,386.947786259542,-26.0
0.01,386.787786259542,-26.0
0.01,386.62778625954195,-26.0
0.01,386.467786259542,-26.0
0.01,386.307786259542,-26.0
0.01,386.147786259542,-26.0
0.01,385.98778625954196,-26.0
0.01,385.827786259542,-26.0
0.01,385.66778625954197,-26.0
0.01,385.50778625954194,-26.0
0.01,385.347786259542,-26.0
0.01,385.187786259542,-26.0
0.01,385.027786259542,-26.0
0.01,384.86778625954196,-26.0
0.01,384.707786259542,-26.0
0.01,384.547786259542,-26.0
0.01,384.38778625954194,-26.0
0.01,384.227786259542,-26.0
0.01,384.067786259542,-26.0
0.01,383.907786259542,-26.0
0.01,383.74778625954195,-26.0
0.01,383.587786259542,-26.0
0.01,383.427786259542,-26.0
0.01,383.267786259542,-26.0
0.01,383.10778625954197,-26.0
0.01,382.947786259542,-26.0
0.01,382.787786259542,-26.0
0.01,382.62778625954195,-26.0
0.01,382.467786259542,-26.0
0.01,382.307786259542,-26.0
0.01,382.147786259542,-26.0
0.01,381.98778625954196,-26.0
0.01,381.827786259542,-26.0
0.01,381.66778625954197,-26.0
0.01,381.50778625954194,-26.0
0.01,381.347786259542,-26.0
0.01,381.187786259542,-26.0
0.01,381.027786259542,-26.0
0.01,380.86778625954196,-26.0
0.01,380.707786259542,-26.0
0.01,380.547786259542,-26.0
0.01,380.38778625954194,-26.0
0.01,380.227786259542,-26.0
0.01,380.067786259542,-26.0
0.01,379.907786259542,-26.0
0.01,379.74778625954195,-26.0
0.01,379.587786259542,-26.0
0.01,379.427786259542,-26.0
0.01,379.267786259542,-26.0
0.01,379.10778625954197,-26.0
0.01,378.947786259542,-26.0
0.01,378.787786259542,-26.0
0.01,378.62778625954195,-26.0
0.01,378.467786259542,-26.0
0.01,378.307786259542,-26.0
0.01,378.147786259542,-26.0
0.01,377.98778625954196,-26.0
0.01,377.827786259542,-26.0
0.01,377.66778625954197,-26.0
0.01,377.50778625954194,-26.0
0.01,377.347786259542,-26.0
0.01,377.187786259542,-26.0
0.01,377.027786259542,-26.0
0.01,376.86778625954196,-26.0
0.01,376.707786259542,-26.0
0.01,376.547786259542,-26.0
0.01,376.38778625954194,-26.0
0.01,376.227786259542,-26.0
0.01,376.067786259542,-26.0
0.01,375.907786259542,-26.0
0.01,375.74778625954195,-26.0
0.01,375.587786259542,-26.0
0.01,375.427786259542,-26.0
0.01,375.267786259542,-26.0
0.01,375.10778625954197,-26.0
0.01,374.947786259542,-26.0
0.01,374.787786259542,-26.0
0.01,374.62778625954195,-26.0
0.01,374.467786259542,-26.0
0.01,374.307786259542,-26.0
0.01,374.147786259542,-26.0
0.01,373.98778625954196,-26.0
0.01,373.827786259542,-26.0
0.01,373.66778625954197,-26.0
0.01,373.50778625954194,-26.0
0.01,373.347786259542,-26.0
0.01,373.187786259542,-26.0
0.01,373.027786259542,-26.0
0.01,372.86778625954196,-26.0
0.01,372.707786259542,-26.0
0.01,372.547786259542,-26.0
0.01,372.38778625954194,-26.0
0.01,372.227786259542,-26.0
0.01,372.067786259542,-26.0
0.01,371.907786259542,-26.0
0.01,371.74778625954195,-26.0
0.01,371.587786259542,-26.0
0.01,371.427786259542,-26.0
0.01,371.267786259542,-26.0
0.01,371.10778625954197,-26.0
0.01,370.947786259542,-26.0
0.01,370.787786259542,-26.0
0.01,370.62778625954195,-26.0
0.01,370.467786259542,-26.0
0.01,370.307786259542,-26.0
0.01,370.147786259542,-26.0
0.01,369.98778625954196,-26.0
0.01,369.827786259542,-26.0
0.01,369.66778625954197,-26.0
0.01,369.50778625954194,-26.0
0.01,369.347786259542,-26.0
0.01,369.187786259542,-26.0
0.01,369.027786259542,-26.0
0.01,368.86778625954196,-26.0
0.01,368.707786259542,-26.0
0.01,368.547786259542,-26.0
0.01,368.38778625954194,-26.0
0.01,368.227786259542,-26.0
0.01,368.067786259542,-26.0
0.01,367.907786259542,-26.0
0.01,367.74778625954195,-26.0
0.01,367.587786259542,-26.0
0.01,367.427786259542,-26.0
0.01,367.267786259542,-26.0
0.01,367.10778625954197,-26.0
0.01,366.947786259542,-26.0
0.01,366.787786259542,-26.0
0.01,366.62778625954195,-26.0
0.01,366.467786259542,-26.0
0.01,366.307786259542,-26.0
0.01,366.147786259542,-26.0
0.01,365.98778625954196,-26.0
0.01,365.827786259542,-26.0
0.01,365.66778625954197,-26.0
0.01,365.50778625954194,-26.0
0.01,365.347786259542,-26.0
0.01,365.187786259542,-26.0
0.01,365.027786259542,-26.0
0.01,364.86778625954196,-26.0
0.01,364.707786259542,-26.0
0.01,364.547786259542,-26.0
0.01,364.38778625954194,-26.0
0.01,364.227786259542,-26.0
0.01,364.067786259542,-26.0
0.01,363.907786259542,-26.0
0.01,363.74778625954195,-26.0
0.01,363.587786259542,-26.0
0.01,363.427786259542,-26.0
0.01,363.267786259542,-26.0
0.01,363.10778625954197,-26.0
0.01,362.947786259542,-26.0
0.01,362.787786259542,-26.0
0.01,362.62778625954195,-26.0
0.01,362.467786259542,-26.0
0.01,362.307786259542,-26.0
0.01,362.147786259542,-26.0
0.01,361.98778625954196,-26.0
0.01,361.827786259542,-26.0
0.01,361.66778625954197,-26.0
0.01,361.50778625954194,-26.0
0.01,361.347786259542,-26.0
0.01,361.187786259542,-26.0
0.01,361.027786259542,-26.0
0.01,360.86778625954196,-26.0
0.01,360.707786259542,-26.0
0.01,360.547786259542,-26.0
0.01,360.38778625954194,-26.0
0.01,360.227786259542,-26.0
0.01,360.067786259542,-26.0
0.01,359.907786259542,-26.0
0.01,359.74778625954195,-26.0
0.01,359.587786259542,-26.0
0.01,359.427786259542,-26.0
0.01,359.267786259542,-26.0
0.01,359.10778625954197,-26.0
0.01,358.947786259542,-26.0
0.01,358.787786259542,-26.0
0.01,358.62778625954195,-26.0
0.01,358.467786259542,-26.0
0.01,358.307786259542,-26.0
0.01,358.147786259542,-26.0
0.01,357.98778625954196,-26.0
0.01,357.827786259542,-26.0
0.01,357.66778625954197,-26.0
0.01,357.50778625954194,-26.0
0.01,357.347786259542,-26.0
0.01,357.187786259542,-26.0
0.01,357.027786259542,-26.0
0.01,356.86778625954196,-26.0
0.01,356.707786259542,-26.0
0.01,356.547786259542,-26.0
0.01,356.38778625954194,-26.0
0.01,356.227786259542,-26.0
0.01,356.067786259542,-26.0
0.01,355.907786259542,-26.0
0.01,355.74778625954195,-26.0
0.01,355.587786259542,-26.0
0.01,355.427786259542,-26.0
0.01,355.267786259542,-26.0
0.01,355.10778625954197,-26.0
0.01,354.947786259542,-26.0
0.01,354.787786259542,-26.0
0.01,354.62778625954195,-26.0
0.01,354.467786259542,-26.0
0.01,354.307786259542,-26.0
0.01,354.147786259542,-26.0
0.01,353.98778625954196,-26.0
0.01,353.827786259542,-26.0
0.01,353.66778625954197,-26.0
0.01,353.50778625954194,-26.0
0.01,353.347786259542,-26.0
0.01,353.187786259542,-26.0
0.01,353.027786259542,-26.0
0.01,352.86778625954196,-26.0
0.01,352.707786259542,-26.0
0.01,352.547786259542,-26.0
0.01,352.38778625954194,-26.0
0.01,352.227786259542,-26.0
0.01,352.067786259542,-26.0
0.01,351.907786259542,-26.0
0.01,351.74778625954195,-26.0
0.01,351.587786259542,-26.0
0.01,351.427786259542,-26.0
0.01,351.267786259542,-26.0
0.01,351.10778625954197,-26.0
0.01,350.947786259542,-26.0
0.01,350.787786259542,-26.0
0.01,350.62778625954195,-26.0
0.01,350.467786259542,-26.0
0.01,350.307786259542,-26.0
0.01,350.147786259542,-26.0
0.01,349.98778625954196,-26.0
0.01,349.827786259542,-26.0
0.01,349.66778625954197,-26.0
0.01,349.50778625954194,-26.0
0.01,349.347786259542,-26.0
0.01,349.187786259542,-26.0
0.01,349.027786259542,-26.0
0.01,348.86778625954196,-26.0
0.01,348.707786259542,-26.0
0.01,348.547786259542,-26.0
0.01,348.38778625954194,-26.0
0.01,348.227786259542,-26.0
0.01,348.067786259542,-26.0
0.01,347.907786259542,-26.0
0.01,347.74778625954195,-26.0
0.01,347.587786259542,-26.0
0.01,347.427786259542,-26.0
0.01,347.267786259542,-26.0
0.01,347.10778625954197,-26.0
0.01,346.947786259542,-26.0
0.01,346.787786259542,-26.0
0.01,346.62778625954195,-26.0
0.01,346.467786259542,-26.0
0.01,346.307786259542,-26.0
0.01,346.147786259542,-26.0
0.01,345.98778625954196,-26.0
0.01,345.827786259542,-26.0
0.01,345.66778625954197,-26.0
0.01,345.50778625954194,-26.0
0.01,345.347786259542,-26.0
0.01,345.187786259542,-26.0
0.01,345.027786259542,-26.0
0.01,344.86778625954196,-26.0
0.01,344.707786259542,-26.0
0.01,344.547786259542,-26.0
0.01,344.38778625954194,-26.0
0.01,344.227786259542,-26.0
0.01,344.067786259542,-26.0
0.01,343.907786259542,-26.0
0.01,343.74778625954195,-26.0
0.01,343.587786259542,-26.0
0.01,343.427786259542,-26.0
0.01,343.267786259542,-26.0
0.01,343.10778625954197,-26.0
0.01,342.947786259542,-26.0
0.01,342.787786259542,-26.0
0.01,342.62778625954195,-26.0
0.01,342.467786259542,-26.0
0.01,342.307786259542,-26.0
0.01,342.147786259542,-26.0
0.01,341.98778625954196,-26.0
0.01,341.827786259542,-26.0
0.01,341.66778625954197,-26.0
0.01,341.50778625954194,-26.0
0.01,341.347786259542,-26.0
0.01,341.187786259542,-26.0
0.01,341.027786259542,-26.0
0.01,340.86778625954196,-26.0
0.01,340.707786259542,-26.0
0.01,340.547786259542,-26.0
0.01,340.38778625954194,-26.0
0.01,340.227786259542,-26.0
0.01,340.067786259542,-26.0
0.01,339.907786259542,-26.0
0.01,339.74778625954195,-26.0
0.01,339.587786259542,-26.0
0.01,339.427786259542,-26.0
0.01,339.267786259542,-26.0
0.01,339.10778625954197,-26.0
0.01,338.947786259542,-26.0
0.01,338.787786259542,-26.0
0.01,338.62778625954195,-26.0
0.01,338.467786259542,-26.0
0.01,338.307786259542,-26.0
0.01,338.147786259542,-26.0
0.01,337.98778625954196,-26.0
0.01,337.827786259542,-26.0
0.01,337.66778625954197,-26.0
0.01,337.50778625954194,-26.0
0.01,337.347786259542,-26.0
0.01,337.187786259542,-26.0
0.01,337.027786259542,-26.0
0.01,336.86778625954196,-26.0
0.01,336.707786259542,-26.0
0.01,336.547786259542,-26.0
0.01,336.38778625954194,-26.0
0.01,336.227786259542,-26.0
0.01,336.067786259542,-26.0
0.01,335.907786259542,-26.0
0.01,335.74778625954195,-26.0
0.01,335.587786259542,-26.0
0.01,335.427786259542,-26.0
0.01,335.267786259542,-26.0
0.01,335.10778625954197,-26.0
0.01,334.947786259542,-26.0
0.01,334.787786259542,-26.0
0.01,334.62778625954195,-26.0
0.01,334.467786259542,-26.0
0.01,334.307786259542,-26.0
0.01,334.147786259542,-26.0
0.01,333.98778625954196,-26.0
0.01,333.827786259542,-26.0
0.01,333.66778625954197,-26.0
0.01,333.50778625954194,-26.0
0.01,333.347786259542,-26.0
0.01,333.187786259542,-26.0
0.01,333.027786259542,-26.0
0.01,332.86778625954196,-26.0
0.01,332.707786259542,-26.0
0.01,332.547786259542,-26.0
0.01,332.38778625954194,-26.0
0.01,332.227786259542,-26.0
0.01,332.067786259542,-26.0
0.01,331.907786259542,-26.0
0.01,331.74778625954195,-26.0
0.01,331.587786259542,-26.0
0.01,331.427786259542,-26.0
0.01,331.267786259542,-26.0
0.01,331.10778625954197,-26.0
0.01,330.947786259542,-26.0
0.01,330.787786259542,-26.0
0.01,330.62778625954195,-26.0
0.01,330.467786259542,-26.0
0.01,330.307786259542,-26.0
0.01,330.147786259542,-26.0
0.01,329.98778625954196,-26.0
0.01,329.827786259542,-26.0
0.01,329.66778625954197,-26.0
0.01,329.50778625954194,-26.0
0.01,329.347786259542,-26.0
0.01,329.187786259542,-26.0
0.01,329.027786259542,-26.0
0.01,328.86778625954196,-26.0
0.01,328.707786259542,-26.0
0.01,328.547786259542,-26.0
0.01,328.38778625954194,-26.0
0.01,328.227786259542,-26.0
0.01,328.067786259542,-26.0
0.01,327.907786259542,-26.0
0.01,327.74778625954195,-26.0
0.01,327.587786259542,-26.0
0.01,327.427786259542,-26.0
0.01,327.267786259542,-26.0
0.01,327.10778625954197,-26.0
0.01,326.947786259542,-26.0
0.01,326.787786259542,-26.0
0.01,326.62778625954195,-26.0
0.01,326.467786259542,-26.0
0.01,326.307786259542,-26.0
0.01,326.147786259542,-26.0
0.01,325.98778625954196,-26.0
0.01,325.827786259542,-26.0
0.01,325.66778625954197,-26.0
0.01,325.50778625954194,-26.0
0.01,325.347786259542,-26.0
0.01,325.187786259542,-26.0
0.01,325.027786259542,-26.0
0.01,324.86778625954196,-26.0
0.01,324.707786259542,-26.0
0.01,324.547786259542,-26.0
0.01,324.38778625954194,-26.0
0.01,324.227786259542,-26.0
0.01,324.067786259542,-26.0
0.01,323.907786259542,-26.0
0.01,323.74778625954195,-26.0
0.01,323.587786259542,-26.0
0.01,323.427786259542,-26.0
0.01,323.267786259542,-26.0
0.01,323.10778625954197,-26.0
0.01,322.947786259542,-26.0
0.01,322.787786259542,-26.0
0.01,322.62778625954195,-26.0
0.01,322.467786259542,-26.0
0.01,322.307786259542,-26.0
0.01,322.147786259542,-26.0
0.01,321.98778625954196,-26.0
0.01,321.827786259542,-26.0
0.01,321.66778625954197,-26.0
0.01,321.50778625954194,-26.0
0.01,321.347786259542,-26.0
0.01,321.187786259542,-26.0
0.01,321.027786259542,-26.0
0.01,320.86778625954196,-26.0
0.01,320.707786259542,-26.0
0.01,320.547786259542,-26.0
0.01,320.38778625954194,-26.0
0.01,320.227786259542,-26.0
0.01,320.067786259542,-26.0
0.01,319.907786259542,-26.0
0.01,319.74778625954195,-26.0
0.01,319.587786259542,-26.0
0.01,319.427786259542,-26.0
0.01,319.267786259542,-26.0
0.01,319.10778625954197,-26.0
0.01,318.947786259542,-26.0
0.01,318.787786259542,-26.0
0.01,318.62778625954195,-26.0
0.01,318.467786259542,-26.0
0.01,318.307786259542,-26.0
0.01,318.147786259542,-26.0
0.01,317.98778625954196,-26.0
0.01,317.827786259542,-26.0
0.01,317.66778625954197,-26.0
0.01,317.50778625954194,-26.0
0.01,317.347786259542,-26.0
0.01,317.187786259542,-26.0
0.01,317.027786259542,-26.0
0.01,316.86778625954196,-26.0
0.01,316.707786259542,-26.0
0.01,316.547786259542,-26.0
0.01,316.38778625954194,-26.0
0.01,316.227786259542,-26.0
0.01,316.067786259542,-26.0
0.01,315.907786259542,-26.0
0.01,315.74778625954195,-26.0
0.01,315.587786259542,-26.0
0.01,315.42778625954196,-26.0
0.01,315.267786259542,-26.0
0.01,315.10778625954197,-26.0
0.01,314.947786259542,-26.0
0.01,314.787786259542,-26.0
0.01,314.627786259542,-26.0
0.01,314.467786259542,-26.0
0.01,314.30778625954196,-26.0
0.01,314.147786259542,-26.0
0.01,313.98778625954196,-26.0
0.01,313.827786259542,-26.0
0.01,313.66778625954197,-26.0
0.01,313.507786259542,-26.0
0.01,313.347786259542,-26.0
0.01,313.187786259542,-26.0
0.01,313.027786259542,-26.0
0.01,312.86778625954196,-26.0
0.01,312.707786259542,-26.0
0.01,312.54778625954197,-26.0
0.01,312.387786259542,-26.0
0.01,312.227786259542,-26.0
0.01,312.067786259542,-26.0
0.01,311.907786259542,-26.0
0.01,311.74778625954195,-26.0
0.01,311.587786259542,-26.0
0.01,311.42778625954196,-26.0
0.01,311.267786259542,-26.0
0.01,311.10778625954197,-26.0
0.01,310.947786259542,-26.0
0.01,310.787786259542,-26.0
0.01,310.627786259542,-26.0
0.01,310.467786259542,-26.0
0.01,310.30778625954196,-26.0
0.01,310.147786259542,-26.0
0.01,309.98778625954196,-26.0
0.01,309.827786259542,-26.0
0.01,309.66778625954197,-26.0
0.01,309.507786259542,-26.0
0.01,309.347786259542,-26.0
0.01,309.187786259542,-26.0
0.01,309.027786259542,-26.0
0.01,308.86778625954196,-26.0
0.01,308.707786259542,-26.0
0.01,308.54778625954197,-26.0
0.01,308.387786259542,-26.0
0.01,308.227786259542,-26.0
0.01,308.067786259542,-26.0
0.01,307.907786259542,-26.0
0.01,307.74778625954195,-26.0
0.01,307.587786259542,-26.0
0.01,307.42778625954196,-26.0
0.01,307.267786259542,-26.0
0.01,307.10778625954197,-26.0
0.01,306.947786259542,-26.0
0.01,306.787786259542,-26.0
0.01,306.627786259542,-26.0
0.01,306.467786259542,-26.0
0.01,306.30778625954196,-26.0
0.01,306.147786259542,-26.0
0.01,305.98778625954196,-26.0
0.01,305.827786259542,-26.0
0.01,305.66778625954197,-26.0
0.01,305.507786259542,-26.0
0.01,305.347786259542,-26.0
0.01,305.187786259542,-26.0
0.01,305.027786259542,-26.0
0.01,304.86778625954196,-26.0
0.01,304.707786259542,-26.0
0.01,304.54778625954197,-26.0
0.01,304.387786259542,-26.0
0.01,304.227786259542,-26.0
0.01,304.067786259542,-26.0
0.01,303.907786259542,-26.0
0.01,303.74778625954195,-26.0
0.01,303.587786259542,-26.0
0.01,303.42778625954196,-26.0
0.01,303.267786259542,-26.0
0.01,303.10778625954197,-26.0
0.01,302.947786259542,-26.0
0.01,302.787786259542,-26.0
0.01,302.627786259542,-26.0
0.01,302.467786259542,-26.0
0.01,302.30778625954196,-26.0
0.01,302.147786259542,-26.0
0.01,301.98778625954196,-26.0
0.01,301.827786259542,-26.0
0.01,301.66778625954197,-26.0
0.01,301.507786259542,-26.0
0.01,301.347786259542,-26.0
0.01,301.187786259542,-26.0
0.01,301.027786259542,-26.0
0.01,300.86778625954196,-26.0
0.01,300.707786259542,-26.0
0.01,300.54778625954197,-26.0
0.01,300.387786259542,-26.0
0.01,300.227786259542,-26.0
0.01,300.067786259542,-26.0
0.01,299.907786259542,-26.0
0.01,299.74778625954195,-26.0
0.01,299.587786259542,-26.0
0.01,299.42778625954196,-26.0
0.01,299.267786259542,-26.0
0.01,299.10778625954197,-26.0
0.01,298.947786259542,-26.0
0.01,298.787786259542,-26.0
0.01,298.627786259542,-26.0
0.01,298.467786259542,-26.0
0.01,298.30778625954196,-26.0
0.01,298.147786259542,-26.0
0.01,297.98778625954196,-26.0
0.01,297.827786259542,-26.0
0.01,297.66778625954197,-26.0
0.01,297.507786259542,-26.0
0.01,297.347786259542,-26.0
0.01,297.18778625954195,-26.0
0.01,297.027786259542,-26.0
0.01,296.86778625954196,-26.0
0.01,296.707786259542,-26.0
0.01,296.54778625954197,-26.0
0.01,296.387786259542,-26.0
0.01,296.227786259542,-26.0
0.01,296.067786259542,-26.0
0.01,295.907786259542,-26.0
0.01,295.74778625954195,-26.0
0.01,295.587786259542,-26.0
0.01,295.42778625954196,-26.0
0.01,295.267786259542,-26.0
0.01,295.10778625954197,-26.0
0.01,294.947786259542,-26.0
0.01,294.787786259542,-26.0
0.01,294.627786259542,-26.0
0.01,294.467786259542,-26.0
0.01,294.30778625954196,-26.0
0.01,294.147786259542,-26.0
0.01,293.98778625954196,-26.0
0.01,293.827786259542,-26.0
0.01,293.66778625954197,-26.0
0.01,293.507786259542,-26.0
0.01,293.347786259542,-26.0
0.01,293.18778625954195,-26.0
0.01,293.027786259542,-26.0
0.01,292.86778625954196,-26.0
0.01,292.707786259542,-26.0
0.01,292.54778625954197,-26.0
0.01,292.387786259542,-26.0
0.01,292.227786259542,-26.0
0.01,292.067786259542,-26.0
0.01,291.907786259542,-26.0
0.01,291.74778625954195,-26.0
0.01,291.587786259542,-26.0
0.01,291.42778625954196,-26.0
0.01,291.267786259542,-26.0
0.01,291.10778625954197,-26.0
0.01,290.947786259542,-26.0
0.01,290.787786259542,-26.0
0.01,290.627786259542,-26.0
0.01,290.467786259542,-26.0
0.01,290.30778625954196,-26.0
0.01,290.147786259542,-26.0
0.01,289.98778625954196,-26.0
0.01,289.827786259542,-26.0
0.01,289.66778625954197,-26.0
0.01,289.507786259542,-26.0
0.01,289.347786259542,-26.0
0.01,289.18778625954195,-26.0
0.01,289.027786259542,-26.0
0.01,288.86778625954196,-26.0
0.01,288.707786259542,-26.0
0.01,288.54778625954197,-26.0
0.01,288.387786259542,-26.0
0.01,288.227786259542,-26.0
0.01,288.067786259542,-26.0
0.01,287.907786259542,-26.0
0.01,287.74778625954195,-26.0
0.01,287.587786259542,-26.0
0.01,287.42778625954196,-26.0
0.01,287.267786259542,-26.0
0.01,287.10778625954197,-26.0
0.01,286.947786259542,-26.0
0.01,286.787786259542,-26.0
0.01,286.627786259542,-26.0
0.01,286.467786259542,-26.0
0.01,286.30778625954196,-26.0
0.01,286.147786259542,-26.0
0.01,285.98778625954196,-26.0
0.01,285.827786259542,-26.0
0.01,285.66778625954197,-26.0
0.01,285.507786259542,-26.0
0.01,285.347786259542,-26.0
0.01,285.18778625954195,-26.0
0.01,285.027786259542,-26.0
0.01,284.86778625954196,-26.0
0.01,284.707786259542,-26.0
0.01,284.54778625954197,-26.0
0.01,284.387786259542,-26.0
0.01,284.227786259542,-26.0
0.01,284.067786259542,-26.0
0.01,283.907786259542,-26.0
0.01,283.74778625954195,-26.0
0.01,283.587786259542,-26.0
0.01,283.42778625954196,-26.0
0.01,283.267786259542,-26.0
0.01,283.10778625954197,-26.0
0.01,282.947786259542,-26.0
0.01,282.787786259542,-26.0
0.01,282.627786259542,-26.0
0.01,282.467786259542,-26.0
0.01,282.30778625954196,-26.0
0.01,282.147786259542,-26.0
0.01,281.98778625954196,-26.0
0.01,281.827786259542,-26.0
0.01,281.66778625954197,-26.0
0.01,281.507786259542,-26.0
0.01,281.347786259542,-26.0
0.01,281.18778625954195,-26.0
0.01,281.027786259542,-26.0
0.01,280.86778625954196,-26.0
0.01,280.707786259542,-26.0
0.01,280.54778625954197,-26.0
0.01,280.387786259542,-26.0
0.01,280.227786259542,-26.0
0.01,280.067786259542,-26.0
0.01,279.907786259542,-26.0
0.01,279.74778625954195,-26.0
0.01,279.587786259542,-26.0
0.01,279.42778625954196,-26.0
0.01,279.267786259542,-26.0
0.01,279.10778625954197,-26.0
0.01,278.947786259542,-26.0
0.01,278.787786259542,-26.0
0.01,278.627786259542,-26.0
0.01,278.467786259542,-26.0
0.01,278.30778625954196,-26.0
0.01,278.147786259542,-26.0
0.01,277.98778625954196,-26.0
0.01,277.827786259542,-26.0
0.01,277.66778625954197,-26.0
0.01,277.507786259542,-26.0
0.01,277.347786259542,-26.0
0.01,277.18778625954195,-26.0
0.01,277.027786259542,-26.0
0.01,276.86778625954196,-26.0
0.01,276.707786259542,-26.0
0.01,276.54778625954197,-26.0
0.01,276.387786259542,-26.0
0.01,276.227786259542,-26.0
0.01,276.067786259542,-26.0
0.01,275.907786259542,-26.0
0.01,275.74778625954195,-26.0
0.01,275.587786259542,-26.0
0.01,275.42778625954196,-26.0
0.01,275.267786259542,-26.0
0.01,275.10778625954197,-26.0
0.01,274.947786259542,-26.0
0.01,274.787786259542,-26.0
0.01,274.627786259542,-26.0
0.01,274.467786259542,-26.0
0.01,274.30778625954196,-26.0
0.01,274.147786259542,-26.0
0.01,273.98778625954196,-26.0
0.01,273.827786259542,-26.0
0.01,273.66778625954197,-26.0
0.01,273.507786259542,-26.0
0.01,273.347786259542,-26.0
0.01,273.18778625954195,-26.0
0.01,273.027786259542,-26.0
0.01,272.86778625954196,-26.0
0.01,272.707786259542,-26.0
0.01,272.54778625954197,-26.0
0.01,272.387786259542,-26.0
0.01,272.227786259542,-26.0
0.01,272.067786259542,-26.0
0.01,271.907786259542,-26.0
0.01,271.74778625954195,-26.0
0.01,271.587786259542,-26.0
0.01,271.42778625954196,-26.0
0.01,271.267786259542,-26.0
0.01,271.10778625954197,-26.0
0.01,270.947786259542,-26.0
0.01,270.787786259542,-26.0
0.01,270.627786259542,-26.0
0.01,270.467786259542,-26.0
0.01,270.30778625954196,-26.0
0.01,270.147786259542,-26.0
0.01,269.98778625954196,-26.0
0.01,269.827786259542,-26.0
0.01,269.66778625954197,-26.0
0.01,269.507786259542,-26.0
0.01,269.347786259542,-26.0
0.01,269.18778625954195,-26.0
0.01,269.027786259542,-26.0
0.01,268.86778625954196,-26.0
0.01,268.707786259542,-26.0
0.01,268.54778625954197,-26.0
0.01,268.387786259542,-26.0
0.01,268.227786259542,-26.0
0.01,268.067786259542,-26.0
0.01,267.907786259542,-26.0
0.01,267.74778625954195,-26.0
0.01,267.587786259542,-26.0
0.01,267.42778625954196,-26.0
0.01,267.267786259542,-26.0
0.01,267.10778625954197,-26.0
0.01,266.947786259542,-26.0
0.01,266.787786259542,-26.0
0.01,266.627786259542,-26.0
0.01,266.467786259542,-26.0
0.01,266.30778625954196,-26.0
0.01,266.147786259542,-26.0
0.01,265.98778625954196,-26.0
0.01,265.827786259542,-26.0
0.01,265.66778625954197,-26.0
0.01,265.507786259542,-26.0
0.01,265.347786259542,-26.0
0.01,265.18778625954195,-26.0
0.01,265.027786259542,-26.0
0.01,264.86778625954196,-26.0
0.01,264.707786259542,-26.0
0.01,264.54778625954197,-26.0
0.01,264.387786259542,-26.0
0.01,264.227786259542,-26.0
0.01,264.067786259542,-26.0
0.01,263.907786259542,-26.0
0.01,263.74778625954195,-26.0
0.01,263.587786259542,-26.0
0.01,263.42778625954196,-26.0
0.01,263.267786259542,-26.0
0.01,263.10778625954197,-26.0
0.01,262.947786259542,-26.0
0.01,262.787786259542,-26.0
0.01,262.627786259542,-26.0
0.01,262.467786259542,-26.0
0.01,262.30778625954196,-26.0
0.01,262.147786259542,-26.0
0.01,261.98778625954196,-26.0
0.01,261.827786259542,-26.0
0.01,261.66778625954197,-26.0
0.01,261.507786259542,-26.0
0.01,261.347786259542,-26.0
0.01,261.18778625954195,-26.0
0.01,261.027786259542,-26.0
0.01,260.86778625954196,-26.0
0.01,260.707786259542,-26.0
0.01,260.54778625954197,-26.0
0.01,260.387786259542,-26.0
0.01,260.227786259542,-26.0
0.01,260.067786259542,-26.0
0.01,259.907786259542,-26.0
0.01,259.74778625954195,-26.0
0.01,259.587786259542,-26.0
0.01,259.42778625954196,-26.0
0.01,259.267786259542,-26.0
0.01,259.10778625954197,-26.0
0.01,258.947786259542,-26.0
0.01,258.787786259542,-26.0
0.01,258.627786259542,-26.0
0.01,258.467786259542,-26.0
0.01,258.30778625954196,-26.0
0.01,258.147786259542,-26.0
0.01,257.98778625954196,-26.0
0.01,257.827786259542,-26.0
0.01,257.66778625954197,-26.0
0.01,257.507786259542,-26.0
0.01,257.347786259542,-26.0
0.01,257.18778625954195,-26.0
0.01,257.027786259542,-26.0
0.01,256.86778625954196,-26.0
0.01,256.707786259542,-26.0
0.01,256.54778625954197,-26.0
0.01,256.387786259542,-26.0
0.01,256.227786259542,-26.0
0.01,256.067786259542,-26.0
0.01,255.90778625954198,-26.0
0.01,255.74778625954195,-26.0
0.01,255.58778625954199,-26.0
0.01,255.42778625954196,-26.0
0.01,255.267786259542,-26.0
0.01,255.10778625954197,-26.0
0.01,254.947786259542,-26.0
0.01,254.78778625954197,-26.0
0.01,254.627786259542,-26.0
0.01,254.46778625954198,-26.0
0.01,254.30778625954196,-26.0
0.01,254.147786259542,-26.0
0.01,253.98778625954196,-26.0
0.01,253.827786259542,-26.0
0.01,253.66778625954197,-26.0
0.01,253.507786259542,-26.0
0.01,253.34778625954198,-26.0
0.01,253.18778625954195,-26.0
0.01,253.02778625954198,-26.0
0.01,252.86778625954196,-26.0
0.01,252.707786259542,-26.0
0.01,252.54778625954197,-26.0
0.01,252.387786259542,-26.0
0.01,252.22778625954197,-26.0
0.01,252.067786259542,-26.0
0.01,251.90778625954198,-26.0
0.01,251.74778625954195,-26.0
0.01,251.58778625954199,-26.0
0.01,251.42778625954196,-26.0
0.01,251.267786259542,-26.0
0.01,251.10778625954197,-26.0
0.01,250.947786259542,-26.0
0.01,250.78778625954197,-26.0
0.01,250.627786259542,-26.0
0.01,250.46778625954198,-26.0
0.01,250.30778625954196,-26.0
0.01,250.147786259542,-26.0
0.01,249.98778625954196,-26.0
0.01,249.827786259542,-26.0
0.01,249.66778625954197,-26.0
0.01,249.507786259542,-26.0
0.01,249.34778625954198,-26.0
0.01,249.18778625954195,-26.0
0.01,249.02778625954198,-26.0
0.01,248.86778625954196,-26.0
0.01,248.707786259542,-26.0
0.01,248.54778625954197,-26.0
0.01,248.387786259542,-26.0
0.01,248.22778625954197,-26.0
0.01,248.067786259542,-26.0
0.01,247.90778625954198,-26.0
0.01,247.74778625954195,-26.0
0.01,247.58778625954199,-26.0
0.01,247.42778625954196,-26.0
0.01,247.267786259542,-26.0
0.01,247.10778625954197,-26.0
0.01,246.947786259542,-26.0
0.01,246.78778625954197,-26.0
0.01,246.627786259542,-26.0
0.01,246.46778625954198,-26.0
0.01,246.30778625954196,-26.0
0.01,246.147786259542,-26.0
0.01,245.98778625954196,-26.0
0.01,245.827786259542,-26.0
0.01,245.66778625954197,-26.0
0.01,245.507786259542,-26.0
0.01,245.34778625954198,-26.0
0.01,245.18778625954195,-26.0
0.01,245.02778625954198,-26.0
0.01,244.86778625954196,-26.0
0.01,244.707786259542,-26.0
0.01,244.54778625954197,-26.0
0.01,244.387786259542,-26.0
0.01,244.22778625954197,-26.0
0.01,244.067786259542,-26.0
0.01,243.90778625954198,-26.0
0.01,243.74778625954195,-26.0
0.01,243.58778625954199,-26.0
0.01,243.42778625954196,-26.0
0.01,243.267786259542,-26.0
0.01,243.10778625954197,-26.0
0.01,242.947786259542,-26.0
0.01,242.78778625954197,-26.0
0.01,242.627786259542,-26.0
0.01,242.46778625954198,-26.0
0.01,242.30778625954196,-26.0
0.01,242.147786259542,-26.0
0.01,241.98778625954196,-26.0
0.01,241.827786259542,-26.0
0.01,241.66778625954197,-26.0
0.01,241.507786259542,-26.0
0.01,241.34778625954198,-26.0
0.01,241.18778625954195,-26.0
0.01,241.02778625954198,-26.0
0.01,240.86778625954196,-26.0
0.01,240.707786259542,-26.0
0.01,240.54778625954197,-26.0
0.01,240.387786259542,-26.0
0.01,240.22778625954197,-26.0
0.01,240.067786259542,-26.0
0.01,239.90778625954198,-26.0
0.01,239.74778625954195,-26.0
0.01,239.58778625954199,-26.0
0.01,239.42778625954196,-26.0
0.01,239.267786259542,-26.0
0.01,239.10778625954197,-26.0
0.01,238.947786259542,-26.0
0.01,238.78778625954197,-26.0
0.01,238.627786259542,-26.0
0.01,238.46778625954198,-26.0
0.01,238.30778625954196,-26.0
0.01,238.147786259542,-26.0
0.01,237.98778625954196,-26.0
0.01,237.827786259542,-26.0
0.01,237.66778625954197,-26.0
0.01,237.507786259542,-26.0
0.01,237.34778625954198,-26.0
0.01,237.18778625954195,-26.0
0.01,237.02778625954198,-26.0
0.01,236.86778625954196,-26.0
0.01,236.707786259542,-26.0
0.01,236.54778625954197,-26.0
0.01,236.387786259542,-26.0
0.01,236.22778625954197,-26.0
0.01,236.067786259542,-26.0
0.01,235.90778625954198,-26.0
0.01,235.74778625954195,-26.0
0.01,235.58778625954199,-26.0
0.01,235.42778625954196,-26.0
0.01,235.267786259542,-26.0
0.01,235.10778625954197,-26.0
0.01,234.947786259542,-26.0
0.01,234.78778625954197,-26.0
0.01,234.627786259542,-26.0
0.01,234.46778625954198,-26.0
0.01,234.30778625954196,-26.0
0.01,234.147786259542,-26.0
0.01,233.98778625954196,-26.0
0.01,233.827786259542,-26.0
0.01,233.66778625954197,-26.0
0.01,233.507786259542,-26.0
0.01,233.34778625954198,-26.0
0.01,233.18778625954195,-26.0
0.01,233.02778625954198,-26.0
0.01,232.86778625954196,-26.0
0.01,232.707786259542,-26.0
0.01,232.54778625954197,-26.0
0.01,232.387786259542,-26.0
0.01,232.22778625954197,-26.0
0.01,232.067786259542,-26.0
0.01,231.90778625954198,-26.0
0.01,231.74778625954195,-26.0
0.01,231.58778625954199,-26.0
0.01,231.42778625954196,-26.0
0.01,231.267786259542,-26.0
0.01,231.10778625954197,-26.0
0.01,230.947786259542,-26.0
0.01,230.78778625954197,-26.0
0.01,230.627786259542,-26.0
0.01,230.46778625954198,-26.0
0.01,230.30778625954196,-26.0
0.01,230.147786259542,-26.0
0.01,229.98778625954196,-26.0
0.01,229.827786259542,-26.0
0.01,229.66778625954197,-26.0
0.01,229.507786259542,-26.0
0.01,229.34778625954198,-26.0
0.01,229.18778625954195,-26.0
0.01,229.02778625954198,-26.0
0.01,228.86778625954196,-26.0
0.01,228.707786259542,-26.0
0.01,228.54778625954197,-26.0
0.01,228.387786259542,-26.0
0.01,228.22778625954197,-26.0
0.01,228.067786259542,-26.0
0.01,227.90778625954198,-26.0
0.01,227.74778625954195,-26.0
0.01,227.58778625954199,-26.0
0.01,227.42778625954196,-26.0
0.01,227.267786259542,-26.0
0.01,227.10778625954197,-26.0
0.01,226.947786259542,-26.0
0.01,226.78778625954197,-26.0
0.01,226.627786259542,-26.0
0.01,226.46778625954198,-26.0
0.01,226.30778625954196,-26.0
0.01,226.147786259542,-26.0
0.01,225.98778625954196,-26.0
0.01,225.827786259542,-26.0
0.01,225.66778625954197,-26.0
0.01,225.507786259542,-26.0
0.01,225.34778625954198,-26.0
0.01,225.18778625954195,-26.0
0.01,225.02778625954198,-26.0
0.01,224.86778625954196,-26.0
0.01,224.707786259542,-26.0
0.01,224.54778625954197,-26.0
0.01,224.387786259542,-26.0
0.01,224.22778625954197,-26.0
0.01,224.067786259542,-26.0
0.01,223.90778625954198,-26.0
0.01,223.74778625954195,-26.0
0.01,223.58778625954199,-26.0
0.01,223.42778625954196,-26.0
0.01,223.267786259542,-26.0
0.01,223.10778625954197,-26.0
0.01,222.947786259542,-26.0
0.01,222.78778625954197,-26.0
0.01,222.627786259542,-26.0
0.01,222.46778625954198,-26.0
0.01,222.30778625954196,-26.0
0.01,222.147786259542,-26.0
0.01,221.98778625954196,-26.0
0.01,221.827786259542,-26.0
0.01,221.66778625954197,-26.0
0.01,221.507786259542,-26.0
0.01,221.34778625954198,-26.0
0.01,221.18778625954195,-26.0
0.01,221.02778625954198,-26.0
0.01,220.86778625954196,-26.0
0.01,220.707786259542,-26.0
0.01,220.54778625954197,-26.0
0.01,220.387786259542,-26.0
0.01,220.22778625954197,-26.0
0.01,220.067786259542,-26.0
0.01,219.90778625954198,-26.0
0.01,219.74778625954195,-26.0
0.01,219.58778625954199,-26.0
0.01,219.42778625954196,-26.0
0.01,219.267786259542,-26.0
0.01,219.10778625954197,-26.0
0.01,218.947786259542,-26.0
0.01,218.78778625954197,-26.0
0.01,218.627786259542,-26.0
0.01,218.46778625954198,-26.0
0.01,218.30778625954196,-26.0
0.01,218.147786259542,-26.0
0.01,217.98778625954196,-26.0
0.01,217.827786259542,-26.0
0.01,217.66778625954197,-26.0
0.01,217.507786259542,-26.0
0.01,217.34778625954198,-26.0
0.01,217.18778625954195,-26.0
0.01,217.02778625954198,-26.0
0.01,216.86778625954196,-26.0
0.01,216.707786259542,-26.0
0.01,216.54778625954197,-26.0
0.01,216.387786259542,-26.0
0.01,216.22778625954197,-26.0
0.01,216.067786259542,-26.0
0.01,215.90778625954198,-26.0
0.01,215.74778625954195,-26.0
0.01,215.58778625954199,-26.0
0.01,215.42778625954196,-26.0
0.01,215.267786259542,-26.0
0.01,215.10778625954197,-26.0
0.01,214.947786259542,-26.0
0.01,214.78778625954197,-26.0
0.01,214.627786259542,-26.0
0.01,214.46778625954198,-26.0
0.01,214.30778625954196,-26.0
0.01,214.147786259542,-26.0
0.01,213.98778625954196,-26.0
0.01,213.827786259542,-26.0
0.01,213.66778625954197,-26.0
0.01,213.507786259542,-26.0
0.01,213.34778625954198,-26.0
0.01,213.18778625954195,-26.0
0.01,213.02778625954198,-26.0
0.01,212.86778625954196,-26.0
0.01,212.707786259542,-26.0
0.01,212.54778625954197,-26.0
0.01,212.387786259542,-26.0
0.01,212.22778625954197,-26.0
0.01,212.067786259542,-26.0
0.01,211.90778625954198,-26.0
0.01,211.74778625954195,-26.0
0.01,211.58778625954199,-26.0
0.01,211.42778625954196,-26.0
0.01,211.267786259542,-26.0
0.01,211.10778625954197,-26.0
0.01,210.947786259542,-26.0
0.01,210.78778625954197,-26.0
0.01,210.627786259542,-26.0
0.01,210.46778625954198,-26.0
0.01,210.30778625954196,-26.0
0.01,210.147786259542,-26.0
0.01,209.98778625954196,-26.0
0.01,209.827786259542,-26.0
0.01,209.66778625954197,-26.0
0.01,209.507786259542,-26.0
0.01,209.34778625954198,-26.0
0.01,209.18778625954195,-26.0
0.01,209.02778625954198,-26.0
0.01,208.86778625954196,-26.0
0.01,208.707786259542,-26.0
0.01,208.54778625954197,-26.0
0.01,208.387786259542,-26.0
0.01,208.22778625954197,-26.0
0.01,208.067786259542,-26.0
0.01,207.90778625954198,-26.0
0.01,207.74778625954195,-26.0
0.01,207.58778625954199,-26.0
0.01,207.42778625954196,-26.0
0.01,207.267786259542,-26.0
0.01,207.10778625954197,-26.0
0.01,206.947786259542,-26.0
0.01,206.78778625954197,-26.0
0.01,206.627786259542,-26.0
0.01,206.46778625954198,-26.0
0.01,206.30778625954196,-26.0
0.01,206.147786259542,-26.0
0.01,205.98778625954196,-26.0
0.01,205.827786259542,-26.0
0.01,205.66778625954197,-26.0
0.01,205.507786259542,-26.0
0.01,205.34778625954198,-26.0
0.01,205.18778625954195,-26.0
0.01,205.02778625954198,-26.0
0.01,204.86778625954196,-26.0
0.01,204.707786259542,-26.0
0.01,204.54778625954197,-26.0
0.01,204.387786259542,-26.0
0.01,204.22778625954197,-26.0
0.01,204.067786259542,-26.0
0.01,203.90778625954198,-26.0
0.01,203.74778625954195,-26.0
0.01,203.58778625954199,-26.0
0.01,203.42778625954196,-26.0
0.01,203.267786259542,-26.0
0.01,203.10778625954197,-26.0
0.01,202.947786259542,-26.0
0.01,202.78778625954197,-26.0
0.01,202.627786259542,-26.0
0.01,202.46778625954198,-26.0
0.01,202.30778625954196,-26.0
0.01,202.147786259542,-26.0
0.01,201.98778625954196,-26.0
0.01,201.827786259542,-26.0
0.01,201.66778625954197,-26.0
0.01,201.507786259542,-26.0
0.01,201.34778625954198,-26.0
0.01,201.18778625954195,-26.0
0.01,201.02778625954198,-26.0
0.01,200.86778625954196,-26.0
0.01,200.707786259542,-26.0
0.01,200.54778625954197,-26.0
0.01,200.387786259542,-26.0
0.01,200.22778625954197,-26.0
0.01,200.067786259542,-26.0
0.01,199.90778625954198,-26.0
0.01,199.74778625954195,-26.0
0.01,199.58778625954199,-26.0
0.01,199.42778625954196,-26.0
0.01,199.267786259542,-26.0
0.01,199.10778625954197,-26.0
0.01,198.947786259542,-26.0
0.01,198.78778625954197,-26.0
0.01,198.627786259542,-26.0
0.01,198.46778625954198,-26.0
0.01,198.30778625954196,-26.0
0.01,198.147786259542,-26.0
0.01,197.98778625954196,-26.0
0.01,197.827786259542,-26.0
0.01,197.66778625954197,-26.0
0.01,197.507786259542,-26.0
0.01,197.34778625954198,-26.0
0.01,197.18778625954195,-26.0
0.01,197.02778625954198,-26.0
0.01,196.86778625954196,-26.0
0.01,196.707786259542,-26.0
0.01,196.54778625954197,-26.0
0.01,196.387786259542,-26.0
0.01,196.22778625954197,-26.0
0.01,196.067786259542,-26.0
0.01,195.90778625954198,-26.0
0.01,195.74778625954195,-26.0
0.01,195.58778625954199,-26.0
0.01,195.42778625954196,-26.0
0.01,195.267786259542,-26.0
0.01,195.10778625954197,-26.0
0.01,194.947786259542,-26.0
0.01,194.78778625954197,-26.0
0.01,194.627786259542,-26.0
0.01,194.46778625954198,-26.0
0.01,194.30778625954196,-26.0
0.01,194.147786259542,-26.0
0.01,193.98778625954196,-26.0
0.01,193.827786259542,-26.0
0.01,193.66778625954197,-26.0
0.01,193.507786259542,-26.0
0.01,193.34778625954198,-26.0
0.01,193.18778625954195,-26.0
0.01,193.02778625954198,-26.0
0.01,192.86778625954196,-26.0
0.01,192.707786259542,-26.0
0.01,192.54778625954197,-26.0
0.01,192.387786259542,-26.0
0.01,192.22778625954197,-26.0
0.01,192.067786259542,-26.0
0.01,191.90778625954198,-26.0
0.01,191.74778625954195,-26.0
0.01,191.58778625954199,-26.0
0.01,191.42778625954196,-26.0
0.01,191.267786259542,-26.0
0.01,191.10778625954197,-26.0
0.01,190.947786259542,-26.0
0.01,190.78778625954197,-26.0
0.01,190.627786259542,-26.0
0.01,190.46778625954198,-26.0
0.01,190.30778625954196,-26.0
0.01,190.147786259542,-26.0
0.01,189.98778625954196,-26.0
0.01,189.82778627649884,-15.999986537533717
0.01,189.6677876051512,-15.99964213486326
0.01,189.50779659477797,-15.998349564065892
0.01,189.3478258629401,-15.995482479425075
0.01,189.18789426163778,-15.99042074911109
0.01,189.02802680290978,-15.98255290255805
0.01,188.8682545601223,-15.971278543658864
0.01,188.70861454533696,-15.956010720254394
0.01,188.5491495632407,-15.936178240565456
0.01,188.38990804221572,-15.911227927425838
0.01,188.23094384321416,-15.880626801419822
0.01,188.07231604719414,-15.843864184308496
0.01,187.91408872195365,-15.800453714443377
0.01,187.75633066928475,-15.749935266213726
0.01,187.59911515344407,-15.691876765952086
0.01,187.442519612012,-15.625875897131593
0.01,187.28662535028252,-15.551561688125647
0.01,187.13151722038788,-15.468595976263254
0.01,186.97728328642614,-15.376674742402814
0.01,186.8240144769125,-15.27552931075654
0.01,186.67180422592588,-15.164927409231261
0.01,186.52074810436744,-15.044674086100189
0.01,186.37094344278552,-14.914612479388161
0.01,186.22248894725698,-14.774624435934523
0.01,186.07548430983894,-14.624630977689273
0.01,185.93002981513013,-14.464592613403768
0.01,185.78622594449308,-14.294509494484203
0.01,185.64417297950035,-14.11442141439453
0.01,185.5039706061687,-13.924407651609371
0.01,185.36571752154424,-13.724586656738515
0.01,185.2295110441902,-13.515115585056309
0.01,185.0954467301147,-13.296189676281358
0.01,184.96361799565534,-13.068041484055053
0.01,184.8341157488071,-12.830939958158016
0.01,184.70702803045054,-12.585189383088785
0.01,184.58243966689406,-12.331128177191271
0.01,184.46043193510388,-12.069127557072864
0.01,184.3410822419404,-11.799590072581326
0.01,184.22446381866894,-11.522948018125122
0.01,184.11064543194965,-11.23966172660461
0.01,183.99969111244633,-10.950217752688069
0.01,183.89165990212712,-10.655126952603428
0.01,183.78660562125265,-10.354922468021295
0.01,183.6845766559722,-10.050157621989191
0.01,183.58561576736537,-9.741403735217423
0.01,183.48975992268402,-9.429247871338
0.01,183.3970401494591,-9.114290520032363
0.01,183.3074814130493,-8.797143227172617
0.01,183.22110251811426,-8.478426181330128
0.01,183.13791603440092,-8.158765766173696
0.01,183.05792824713689,-7.838792088420259
0.01,182.98113913222494,-7.519136491090667
0.01,182.90754235633864,-7.2004290618881015
0.01,182.8371253019169,-6.883296146528867
0.01,182.76986911695968,-6.568357876842802
0.01,182.70574878942818,-6.256225723395906
0.01,182.6447332459561,-5.9475000822950435
0.01,182.58678547448199,-5.642767905699576
0.01,182.53186267031862,-5.342600385388466
0.01,182.4799164050841,-5.047550698528146
0.01,182.43089281782613,-4.758151824534111
0.01,182.38473282758662,-4.474914441645502
0.01,182.34137236656755,-4.1983249115105705
0.01,182.30074263297684,-3.928843359740173
0.01,182.26277036255806,-3.6669018600018743
0.01,182.22737811773055,-3.4129027288223166
0.01,182.1944845932005,-3.1672169378283277
0.01,182.16400493683562,-2.93018264969067
0.01,182.13585108453782,-2.7021038835511733
0.01,182.1099321077919,-2.483249315197399
0.01,182.08615457251892,-2.273851216722628
0.01,182.0644229078179,-2.0741045398537645
0.01,182.04463978314027,-1.884166146565738
0.01,182.0267064924093,-1.7041541900194412
0.01,182.01052334356774,-1.5341476482646408
0.01,181.99599005201702,-1.37418601255021
0.01,181.98300613639458,-1.2242691314697265
0.01,181.97147131512781,-1.0843572115594609
0.01,181.96128590219985,-0.9543709743445699
0.01,181.95235120056475,-0.8341919692153764
0.01,181.94456989165928,-0.7236630408976445
0.01,181.9378464194752,-0.6225889496725492
0.01,181.93208736767508,-0.5307371418989136
0.01,181.92720182826372,-0.44783866779590414
0.01,181.9231017603608,-0.3735892428651998
0.01,181.91970233765772,-0.30765044876266046
0.01,181.9169222831884,-0.24965106888113392
0.01,181.91468419009232,-0.19918855337262167
0.01,181.9129148271042,-0.15583060782877378
0.01,181.91154542756396,-0.11911689934934977
0.01,181.91051196080775,-0.08856087326584035
0.01,181.90975538486742,-0.06365167335054585
0.01,181.90922187948235,-0.04385615793262962
0.01,181.9088630585033,-0.028621003964796915
0.01,181.90863616085056,-0.01737489073651477
0.01,181.90850421927234,-0.009530754615887689
0.01,181.90843620623775,-0.004488105921586908
0.01,181.90840715638802,-0.001635398781284979
0.01,181.9083982650635,-0.0003524446238357747
0.01,181.908396946565,0.0
